,X0,X1,X2,X3,X4,X5,X6,X7,X8,X9,X10,X11,X12,X13,X14,X15,X16,X17,X18,X19,T
0,0,0,0,0,0,0,0,0,0,0,1,0,0,0,1,1,0,0,0,0,1
1,1,0,0,0,0,0,0,0,1,0,1,1,0,0,0,0,0,0,0,0,1
2,0,0,0,0,1,0,0,0,0,0,0,0,0,0,0,0,0,0,0,0,1
3,0,0,0,0,0,0,0,0,0,0,0,1,0,0,1,0,1,0,0,0,1
4,1,0,0,0,0,0,0,0,1,0,0,0,1,0,0,0,0,0,0,0,1
5,0,0,0,0,0,0,0,0,0,0,0,0,0,0,0,0,0,0,0,0,1
6,0,0,0,0,0,0,0,0,0,0,0,0,0,1,0,0,0,0,0,0,2
7,0,0,0,1,0,0,0,1,0,0,0,0,1,0,0,0,0,0,0,0,1
8,0,0,0,0,0,0,0,0,1,0,0,0,0,1,0,0,0,0,0,0,1
9,0,0,0,0,1,0,0,0,0,0,0,0,0,0,0,0,0,0,0,1,3
10,0,0,0,0,0,1,0,0,0,0,1,0,0,0,0,0,0,0,0,1,1
11,0,1,0,0,0,0,0,0,1,0,1,0,0,0,0,0,0,0,0,0,1
12,0,0,0,0,1,1,0,0,0,0,0,0,0,0,0,0,0,0,0,0,1
13,0,0,0,0,0,0,0,0,0,0,0,0,0,0,0,0,0,0,0,0,2
14,0,0,0,1,0,0,0,0,0,1,0,0,0,0,0,0,0,0,0,0,2
15,0,0,0,0,0,0,0,1,0,0,0,0,0,0,0,1,0,0,0,0,2
16,0,0,0,1,0,0,0,0,0,0,0,0,0,0,0,1,0,0,0,0,1
17,0,0,0,1,0,0,0,0,0,0,0,0,0,0,1,0,0,1,0,0,2
18,0,0,0,0,0,0,0,0,0,0,0,0,0,0,0,0,0,0,0,0,2
19,0,0,0,0,0,0,0,0,0,0,0,0,0,0,0,0,0,0,0,0,1
20,0,0,0,0,0,0,0,0,0,0,0,0,0,0,0,0,0,0,1,0,2
21,0,0,0,0,0,0,0,0,0,0,1,0,0,0,0,0,1,1,0,1,2
22,0,0,0,0,0,0,0,0,0,0,0,0,0,0,0,0,0,0,0,0,2
23,0,1,0,0,0,0,0,0,0,0,0,0,0,0,0,1,0,0,0,0,2
24,0,1,0,0,1,0,0,0,0,0,1,0,0,0,0,0,0,0,0,0,3
25,0,0,0,0,0,0,0,0,0,0,0,1,0,0,0,0,0,0,0,0,4
26,0,0,0,0,0,0,0,0,0,0,0,0,0,0,1,0,0,0,0,0,3
27,0,0,1,0,0,1,0,0,0,0,0,0,0,0,0,0,0,0,0,0,3
28,0,0,0,0,0,0,0,0,0,0,0,0,0,0,0,0,0,1,1,0,3
29,0,1,0,0,0,0,0,0,0,0,0,0,1,0,0,0,0,0,1,0,4
30,0,0,0,0,0,0,0,1,0,0,0,0,0,1,0,0,0,1,0,1,3
31,0,1,0,0,0,0,0,0,0,0,0,0,1,0,0,0,0,0,0,0,2
32,0,0,0,0,0,0,0,0,0,0,0,0,0,0,0,0,0,1,0,0,4
33,0,0,0,0,0,1,0,1,1,0,1,0,0,0,0,0,0,0,0,0,2
34,0,0,0,0,0,0,1,0,0,0,0,0,0,0,0,0,0,0,0,0,2
35,1,1,0,0,0,0,0,0,0,0,0,0,0,0,0,0,0,0,1,0,2
36,0,0,0,0,0,0,0,0,0,0,0,0,0,1,0,0,0,0,0,0,2
37,0,0,0,0,0,0,1,0,0,0,0,0,0,0,0,0,1,0,0,0,2
38,0,0,0,0,1,0,0,0,0,0,0,0,1,0,0,0,0,0,0,0,2
39,0,0,0,1,0,0,1,0,0,0,0,0,0,0,0,0,1,1,0,0,2
40,1,0,0,0,0,0,0,0,0,0,0,0,0,0,0,0,0,0,0,0,15
41,0,0,1,0,0,0,0,0,1,0,0,0,0,0,0,0,0,0,0,0,13
42,0,0,0,0,0,0,0,0,0,0,0,0,0,0,1,1,1,0,0,0,10
43,0,0,0,0,0,0,0,0,0,0,0,0,0,0,0,0,0,0,0,0,3
44,0,0,0,0,0,1,0,0,0,0,0,0,0,0,0,0,0,0,0,0,5
45,0,0,0,0,0,0,0,0,0,0,0,0,0,0,0,0,0,1,0,0,5
46,1,0,0,0,0,0,0,0,0,0,0,0,0,0,0,0,0,0,0,0,2
47,0,0,0,0,0,0,0,0,0,0,1,1,0,0,0,0,0,0,0,0,3
48,0,0,0,0,0,0,0,0,0,0,0,0,0,0,0,1,0,0,0,0,4
49,0,0,0,0,0,0,0,0,1,0,0,0,1,0,0,0,0,0,0,0,3
50,0,0,1,0,0,0,0,0,0,0,0,0,0,1,0,0,0,1,0,0,16
51,0,0,0,0,0,0,0,0,0,0,0,0,0,0,1,0,0,0,0,0,4
52,0,0,0,0,1,0,0,0,1,0,0,1,0,1,0,0,0,0,0,0,3
53,0,0,0,0,0,0,0,0,0,0,0,0,0,0,0,0,0,0,0,0,2
54,0,0,0,0,0,1,0,0,0,0,0,0,0,0,0,0,1,0,0,0,4
55,0,0,0,0,0,1,0,0,0,0,1,0,0,1,0,0,0,0,1,0,2
56,0,0,0,0,0,0,0,0,0,0,1,0,0,0,0,0,0,1,0,0,2
57,0,0,0,0,0,0,0,0,0,0,0,0,0,0,0,0,0,0,0,0,4
58,0,0,0,1,0,0,0,0,0,0,0,0,0,0,1,0,0,1,1,0,3
59,0,0,0,0,0,0,0,1,0,0,0,0,0,0,1,0,0,0,0,0,2
60,0,0,0,0,0,0,0,0,0,0,0,0,0,0,0,0,0,0,0,0,1
61,0,1,0,0,0,1,0,0,0,0,0,1,0,0,0,0,0,0,0,0,5
62,0,0,0,0,0,0,0,0,0,0,0,0,0,0,0,0,0,0,0,0,2
63,0,0,0,0,0,1,0,0,1,1,0,0,1,0,0,0,0,0,0,0,3
64,0,0,0,0,0,1,0,0,0,0,0,0,0,0,0,0,1,0,0,0,3
65,0,0,0,1,0,0,0,0,0,1,0,1,0,0,0,0,0,0,0,0,4
66,0,1,0,0,0,0,0,0,0,0,0,0,0,0,0,0,0,0,0,0,1
67,0,0,0,0,0,0,0,0,0,0,0,0,0,0,0,0,0,0,0,0,2
68,0,0,0,0,1,0,0,0,0,0,0,0,0,0,0,0,0,0,1,0,1
69,0,0,1,0,0,0,0,0,0,0,0,0,0,0,0,0,0,0,0,0,7
70,0,0,0,1,0,0,1,0,0,0,0,0,0,0,0,0,0,0,0,0,5
71,1,0,0,0,1,0,1,0,0,0,0,0,0,0,0,0,0,0,0,0,2
72,0,0,0,0,1,0,0,0,0,0,0,0,0,0,0,0,1,0,0,0,5
73,1,0,0,0,0,0,0,0,0,0,0,0,0,0,0,0,0,0,0,0,3
74,0,0,0,0,0,1,1,0,0,0,0,0,0,0,0,0,0,0,0,0,2
75,0,0,0,0,0,1,0,0,0,0,0,0,0,0,1,0,0,0,0,0,3
76,0,0,0,0,0,1,0,0,0,0,0,0,0,0,0,0,0,0,0,0,2
77,0,1,1,0,1,0,0,0,0,0,0,0,0,0,0,1,0,0,0,0,2
78,0,0,0,0,0,0,0,0,1,0,0,0,0,0,0,0,1,0,0,0,1
79,0,0,0,0,1,0,0,0,0,0,0,0,0,0,0,0,0,0,1,0,5
80,0,0,0,0,0,0,1,0,0,0,0,0,0,0,0,0,0,0,0,0,3
81,0,0,0,1,0,0,0,0,0,0,0,0,0,0,0,0,0,0,0,0,3
82,0,0,0,0,0,1,0,0,0,1,0,0,0,0,0,0,0,0,0,0,3
83,0,0,1,0,0,0,0,1,0,0,0,0,0,0,0,0,0,0,0,0,3
84,0,0,0,0,0,0,0,0,0,0,0,1,0,0,0,0,0,0,0,0,3
85,0,0,0,0,0,0,0,1,0,0,0,0,0,0,0,1,1,0,0,0,3
86,0,0,0,0,0,0,0,0,0,0,1,0,0,0,0,0,0,0,0,0,2
87,0,1,0,0,0,0,0,0,0,0,0,0,0,0,0,0,0,0,0,1,2
88,0,0,0,0,0,1,0,0,0,0,0,0,0,0,0,0,0,0,0,0,5
89,0,0,0,0,0,0,0,0,0,0,0,0,0,0,0,0,0,0,0,1,3
90,0,0,0,1,0,0,0,0,0,0,0,0,0,0,0,0,0,0,0,0,3
91,0,0,0,0,0,0,0,0,0,0,0,0,1,0,0,0,0,0,1,0,3
92,0,0,0,0,0,0,0,0,0,0,0,0,0,0,0,0,1,0,1,1,2
93,0,0,0,0,0,1,0,1,0,0,0,0,1,0,0,0,0,0,0,0,2
94,0,0,0,0,0,0,1,0,0,0,0,0,0,0,0,0,0,0,1,0,2
95,0,1,0,0,0,0,0,0,0,0,1,0,0,0,0,0,0,0,0,1,3
96,0,0,0,0,1,0,0,0,0,0,0,0,0,0,0,0,0,1,1,0,5
97,0,0,0,0,0,0,0,0,0,0,0,0,0,0,0,0,0,0,0,0,4
98,0,0,0,0,0,0,0,0,0,0,0,0,0,0,0,0,1,0,0,0,6
99,1,0,0,0,0,0,0,0,0,0,0,0,0,1,0,0,0,0,1,0,5
100,0,0,0,0,0,0,0,0,1,0,0,0,1,0,0,0,0,0,0,0,2
101,0,0,0,0,0,0,0,0,0,0,0,0,0,0,1,0,0,0,0,0,4
102,0,0,0,0,0,0,0,0,0,0,0,0,0,0,0,1,0,1,0,0,2
103,1,0,0,0,0,0,0,0,0,0,0,0,0,1,0,0,0,0,0,0,6
104,0,1,0,0,0,1,0,0,0,0,0,0,0,0,0,0,0,0,0,0,6
105,0,0,0,1,0,0,0,0,0,0,0,0,0,0,0,0,0,1,0,0,6
106,1,0,0,0,1,0,0,1,0,0,1,0,0,0,0,0,0,0,0,0,3
107,0,0,0,0,0,0,0,0,0,0,0,0,0,0,1,0,0,0,1,0,7
108,1,0,0,0,0,0,0,0,1,0,0,0,0,0,0,0,1,0,1,0,5
109,0,0,0,0,0,0,0,0,0,0,0,0,0,0,0,0,0,0,0,0,2
110,1,0,0,0,0,0,0,0,0,1,0,0,1,0,0,0,0,0,0,0,5
111,0,0,0,1,0,1,1,0,0,0,0,0,0,0,0,1,0,0,0,0,3
112,0,0,0,0,1,0,0,0,1,0,0,0,0,0,0,0,0,0,0,0,3
113,0,0,0,0,0,0,0,0,1,0,0,0,0,0,1,0,0,0,0,0,3
114,0,0,0,0,0,0,0,1,0,0,0,0,1,0,1,0,0,0,0,0,4
115,0,0,0,0,0,0,0,0,0,0,0,0,0,1,1,0,0,0,0,0,4
116,0,0,0,0,1,0,0,0,0,0,1,0,0,0,0,0,0,0,0,0,5
117,1,0,0,0,0,0,0,0,0,0,0,0,0,1,0,0,0,0,0,0,4
118,0,0,0,0,0,0,0,0,0,0,0,0,0,0,0,0,0,0,0,1,4
119,0,0,0,0,0,1,0,0,0,0,0,0,0,0,0,0,0,0,0,0,2
120,0,0,0,0,0,0,0,0,0,0,0,0,0,0,0,0,0,0,1,0,1
121,0,0,0,0,0,0,0,0,0,0,0,0,1,0,0,0,0,0,0,0,3
122,0,0,0,0,0,0,0,0,0,0,0,0,0,0,1,0,0,0,0,0,3
123,0,0,0,1,0,1,0,0,0,0,0,0,0,0,0,0,0,0,0,0,1
124,0,0,1,0,0,0,0,0,0,0,1,0,0,0,0,0,0,0,0,0,5
125,0,0,0,0,0,0,0,0,0,0,0,0,0,1,0,0,0,1,0,1,1
126,0,0,0,0,1,0,1,0,0,0,0,0,0,0,0,0,0,0,0,0,4
127,0,0,0,0,0,0,0,0,0,0,0,0,0,0,0,0,0,0,0,0,2
128,0,0,0,0,0,0,0,0,0,0,0,0,0,0,0,0,0,0,0,0,5
129,0,0,0,0,0,0,0,0,0,0,0,0,1,0,0,0,1,0,1,0,2
130,0,0,0,0,0,0,0,0,0,1,0,0,0,0,0,0,0,0,0,0,2
131,0,0,0,0,0,0,0,0,0,0,1,0,0,0,0,0,0,0,0,0,2
132,0,0,0,0,0,0,0,0,0,0,0,0,0,0,1,0,0,0,0,0,4
133,0,0,0,0,1,1,1,0,0,1,0,0,0,0,0,0,0,0,0,0,2
134,1,0,0,0,0,0,0,0,0,0,1,0,0,0,0,0,0,0,0,1,4
135,0,0,1,0,0,0,0,1,0,0,0,0,0,0,0,0,1,0,0,0,4
136,0,0,0,0,0,0,0,1,0,0,0,0,0,0,0,0,0,0,0,0,3
137,0,0,0,0,0,0,0,0,0,0,0,0,0,0,0,0,0,0,0,0,2
138,0,0,0,0,0,0,0,0,0,0,0,0,0,0,0,0,0,0,0,0,3
139,1,0,0,0,0,0,0,0,0,1,0,0,0,0,0,0,0,0,0,0,5
140,0,0,0,0,1,0,0,0,0,0,0,0,1,0,0,0,0,0,0,0,3
141,1,0,1,0,0,0,0,0,0,0,0,0,0,0,0,0,0,0,0,0,4
142,0,0,0,0,0,0,0,0,0,0,0,0,0,0,0,0,1,0,1,0,3
143,0,0,0,0,0,1,0,0,0,0,0,0,0,0,0,0,0,0,0,1,3
144,0,0,0,0,0,0,0,0,0,0,0,0,0,0,1,0,0,1,1,0,2
145,0,0,0,0,0,0,1,0,0,0,0,0,0,0,0,0,0,0,0,0,4
146,0,0,0,0,0,0,0,0,1,0,0,0,0,0,0,1,0,0,0,0,4
147,0,0,1,0,0,0,0,0,0,0,0,0,0,0,0,0,0,1,0,0,2
148,0,1,0,0,0,1,0,0,0,0,0,0,0,0,0,1,0,0,0,0,3
149,0,0,0,0,1,0,0,0,1,0,0,0,1,1,0,0,0,1,0,1,5
150,0,0,0,0,0,0,0,0,0,0,0,0,0,0,0,0,0,0,0,0,9
151,0,1,1,0,0,0,0,0,0,0,0,0,0,0,0,0,0,0,0,0,15
152,1,0,0,0,0,0,0,0,0,0,0,0,1,0,0,0,0,0,0,1,14
153,0,0,0,0,0,0,0,0,1,1,1,0,0,0,0,0,0,0,0,0,2
154,0,0,0,1,0,0,0,0,0,0,0,0,0,0,0,0,0,1,0,0,3
155,0,0,0,0,0,0,0,0,0,0,0,0,0,0,0,0,0,1,0,0,3
156,0,0,0,0,0,0,0,1,0,0,0,0,0,0,1,0,0,0,0,0,3
157,0,0,0,0,0,0,0,0,0,0,0,0,0,0,0,0,0,0,0,0,3
158,0,0,0,0,0,0,0,0,0,0,0,0,0,0,1,0,0,0,1,0,6
159,0,0,0,0,0,0,0,1,1,0,0,0,0,0,1,0,0,0,0,1,10
160,0,0,0,0,0,0,0,0,1,0,0,0,0,0,1,0,0,0,1,0,17
161,0,0,1,0,0,0,1,0,0,0,0,0,0,0,0,0,0,0,0,0,14
162,0,0,0,0,0,0,0,0,0,1,0,0,0,0,0,0,1,0,0,0,8
163,0,0,0,0,0,1,0,0,0,0,0,0,0,0,0,0,0,0,1,0,3
164,0,0,1,0,0,0,0,0,0,0,0,1,1,0,0,0,0,0,1,0,15
165,0,0,0,0,0,0,0,0,0,1,1,0,0,0,0,0,0,0,0,0,3
166,0,0,0,0,0,0,0,0,0,0,0,0,0,0,0,0,0,0,0,0,3
167,0,0,1,0,0,0,1,0,0,0,0,0,1,1,0,0,0,0,0,0,3
168,0,0,0,0,0,0,0,0,0,0,0,0,0,0,0,0,0,0,0,0,3
169,1,0,0,0,0,1,0,0,0,0,0,0,0,0,0,0,0,0,0,0,3
170,0,0,0,0,0,0,0,0,0,0,0,1,0,0,0,0,0,0,0,0,3
171,0,0,0,0,0,0,0,0,0,0,0,1,0,1,0,0,0,0,0,0,3
172,1,0,0,1,0,0,0,0,0,0,0,0,1,0,0,0,0,0,0,0,4
173,1,0,0,0,0,0,0,0,0,0,0,0,0,0,0,1,0,0,0,0,4
174,0,1,0,0,0,0,0,0,0,0,0,0,0,0,0,0,0,0,0,0,2
175,1,0,0,0,0,0,0,1,0,0,0,0,0,0,0,0,0,0,0,0,4
176,0,0,0,0,0,0,0,1,0,0,0,0,0,0,0,0,0,0,0,0,4
177,0,0,0,0,0,0,0,0,0,0,0,0,0,0,1,0,0,0,0,0,3
178,0,0,0,1,0,0,0,0,0,0,0,0,0,0,0,0,0,0,0,0,5
179,0,1,0,1,0,0,0,0,0,1,0,1,0,0,0,0,0,1,0,0,5
180,0,0,1,0,0,0,0,0,1,1,0,0,0,0,0,0,0,1,0,0,3
181,0,0,0,0,0,0,1,0,0,0,0,0,0,0,1,0,0,0,0,0,2
182,0,0,0,0,0,1,0,0,0,0,0,0,0,1,0,0,0,0,0,1,2
183,0,0,0,0,0,0,1,0,0,1,0,0,0,0,0,0,0,0,0,0,3
184,0,0,0,0,0,0,0,0,0,0,0,1,0,0,1,0,0,0,0,1,3
185,0,0,0,0,0,0,0,0,0,0,1,0,0,0,0,1,0,0,0,0,3
186,0,0,0,0,0,0,1,0,0,0,0,0,0,0,1,0,0,0,1,1,2
187,0,0,1,0,0,1,0,0,0,0,0,0,0,1,1,0,0,0,0,0,7
188,0,0,1,0,0,0,0,0,0,0,1,0,0,0,0,0,0,0,0,0,4
189,0,0,0,0,0,0,1,0,0,0,0,0,0,1,0,1,0,0,0,0,5
190,0,0,0,0,0,1,0,0,0,0,0,0,1,0,0,0,0,0,0,0,3
191,0,0,0,0,0,0,0,0,0,0,0,0,0,0,0,0,0,0,0,1,4
192,0,0,0,0,0,0,0,0,0,0,0,0,0,0,0,1,1,0,0,0,5
193,0,0,0,0,0,0,0,0,0,0,0,0,0,0,0,0,1,0,1,1,5
194,0,0,0,0,0,0,0,0,1,0,0,0,0,0,0,0,0,1,0,0,6
195,0,0,0,0,0,1,1,0,0,0,0,0,1,0,0,0,0,0,0,0,4
196,1,0,0,1,0,0,1,0,0,0,0,0,0,0,0,0,0,0,0,0,1
197,0,0,0,0,0,0,0,0,0,0,0,0,1,0,0,0,0,0,0,0,1
198,0,0,0,0,0,0,0,0,0,0,0,0,0,0,0,0,1,0,1,0,7
199,0,0,0,0,0,0,0,0,0,0,0,0,0,0,1,1,0,0,0,0,15
200,0,0,0,0,0,0,0,0,1,0,0,1,0,0,0,0,0,0,0,0,3
201,0,0,0,0,0,0,0,0,0,1,0,0,0,0,0,0,0,0,0,0,9
202,0,0,0,0,0,0,0,0,0,1,0,0,0,0,0,0,0,0,0,0,3
203,0,0,0,0,0,0,1,0,1,0,0,0,0,0,0,0,0,0,0,0,3
204,0,0,1,0,0,1,0,1,0,0,0,0,0,0,0,0,0,0,1,0,3
205,0,0,0,0,0,0,0,0,0,0,0,0,0,0,0,0,0,1,0,0,3
206,0,0,0,0,0,0,0,0,0,0,0,0,0,1,0,1,0,0,0,0,1
207,0,0,0,0,0,0,0,0,0,0,0,0,0,1,0,0,0,1,0,0,2
208,0,1,0,0,0,0,0,0,0,0,1,0,0,1,1,0,0,0,0,0,3
209,0,0,1,0,0,0,0,0,0,0,0,1,0,0,0,1,0,0,0,0,6
210,0,0,0,0,0,0,0,0,1,0,0,0,0,0,0,0,0,0,0,0,3
211,0,0,0,0,0,0,0,0,0,0,0,0,0,0,0,0,0,0,0,0,1
212,0,0,0,0,0,0,0,0,0,0,0,0,0,0,0,0,0,0,1,0,1
213,0,0,0,0,0,0,0,0,0,0,0,0,0,0,0,0,0,0,0,0,2
214,0,0,0,0,1,0,0,0,0,0,0,0,0,0,0,0,0,0,0,0,7
215,0,0,0,0,0,0,0,0,0,0,0,0,1,0,0,0,0,0,0,0,3
216,0,0,0,1,0,0,0,0,0,0,0,0,0,0,0,0,0,0,0,0,2
217,0,1,0,0,1,0,0,1,0,0,0,0,0,0,0,0,0,0,0,0,3
218,0,0,0,0,0,0,0,0,1,0,0,0,0,0,0,0,0,0,0,0,3
219,1,1,1,0,0,0,0,0,0,0,0,0,0,0,0,0,1,0,0,0,3
220,0,0,1,0,0,0,1,0,0,0,0,0,1,0,0,0,0,0,1,0,4
221,0,0,0,0,0,0,0,0,0,0,0,0,0,0,1,0,0,0,1,0,3
222,1,1,1,0,0,1,0,0,0,0,0,1,0,0,0,0,0,0,0,1,3
223,0,0,0,0,0,0,0,0,0,0,0,0,0,1,0,0,0,0,0,0,2
224,0,1,0,0,0,0,0,0,0,0,0,1,0,0,0,1,0,0,0,0,4
225,0,0,0,0,0,0,0,0,0,0,1,0,1,0,0,0,0,0,0,0,13
226,0,1,0,0,0,0,0,1,0,0,0,0,0,0,0,0,0,0,0,0,4
227,0,0,0,0,0,0,1,0,0,0,0,0,0,0,0,0,0,0,0,0,3
228,0,0,0,0,0,0,0,1,0,0,1,0,0,0,0,0,0,0,0,0,6
229,0,0,0,0,0,0,0,0,0,0,0,0,0,0,0,0,0,0,0,0,1
230,0,0,0,0,0,1,0,0,0,0,0,1,1,0,1,0,0,0,0,0,3
231,0,0,0,0,0,0,1,0,0,0,0,0,0,0,1,0,0,0,0,0,4
232,1,0,0,0,0,0,0,0,0,1,0,0,0,0,0,1,0,0,0,0,1
233,0,1,0,0,0,0,0,0,0,0,0,0,1,0,0,0,0,0,0,0,1
234,0,0,1,0,0,0,0,0,1,0,0,0,0,0,0,0,0,0,0,1,2
235,0,0,0,1,0,0,0,1,0,0,0,0,0,0,0,0,0,0,0,0,4
236,0,0,0,0,0,0,0,0,0,1,0,0,0,0,0,0,0,0,0,0,3
237,0,0,0,0,1,0,0,0,1,0,0,0,0,0,0,0,0,0,0,0,7
238,0,0,0,0,0,0,0,0,0,0,0,0,0,0,1,0,0,0,0,0,3
239,0,0,1,0,0,0,0,1,0,1,1,0,0,0,0,0,0,0,0,0,3
240,0,0,0,0,0,0,0,1,0,0,0,0,0,1,0,0,0,0,0,0,4
241,0,0,1,0,0,0,0,0,0,0,1,0,0,0,0,0,0,0,1,0,3
242,0,0,1,0,0,0,0,0,0,0,0,0,0,0,0,0,0,0,1,0,4
243,0,0,0,0,0,0,0,0,0,0,0,0,0,0,0,0,0,0,0,0,4
244,0,0,0,1,0,0,0,0,0,0,0,0,0,0,1,0,0,0,0,0,7
245,0,0,0,1,0,1,0,0,0,0,1,0,0,0,0,0,0,0,0,0,1
246,0,0,0,0,1,0,0,0,1,0,0,0,0,0,0,0,0,1,0,0,4
247,0,0,0,1,0,1,0,0,0,0,0,0,0,0,0,0,0,0,0,0,3
248,0,0,0,0,0,0,0,1,0,0,0,1,0,0,0,0,0,0,0,1,6
249,0,0,1,0,0,0,0,0,0,0,0,0,0,1,0,0,0,0,0,0,7
250,0,0,0,0,0,0,0,0,0,0,0,0,0,0,0,0,0,0,0,0,2
251,0,1,0,0,0,1,0,0,1,0,0,0,0,0,0,1,0,0,0,0,2
252,0,0,0,0,0,0,0,0,0,0,0,0,0,0,0,0,0,0,0,1,5
253,0,0,0,0,0,0,0,0,0,0,0,0,1,0,0,0,1,0,1,0,2
254,0,0,0,0,0,1,0,0,0,0,0,0,0,0,1,0,0,0,0,0,1
255,1,0,0,0,0,0,0,1,0,0,0,0,0,0,0,0,0,0,0,0,1
256,0,0,0,0,0,0,0,0,0,0,0,0,0,0,0,0,0,0,0,0,6
257,0,0,0,0,0,0,0,0,0,0,0,0,1,0,0,0,1,0,0,0,4
258,0,0,0,0,0,0,0,0,1,0,0,0,0,0,0,1,0,0,0,0,4
259,0,1,0,0,0,0,0,0,0,0,0,1,0,0,0,1,0,0,0,0,2
260,1,0,0,0,0,1,0,0,0,0,0,0,1,0,0,0,0,0,0,1,3
261,0,0,0,0,0,1,1,0,0,0,0,0,0,0,0,0,0,0,0,0,3
262,0,0,0,0,0,0,0,0,1,0,0,0,1,0,0,0,0,0,0,0,3
263,0,0,0,0,0,1,0,0,1,0,1,0,0,0,0,0,0,0,0,0,2
264,0,0,0,0,0,0,0,0,0,0,0,0,0,0,0,0,1,0,0,0,4
265,0,0,0,0,0,0,0,0,1,0,0,0,0,0,0,0,0,0,0,0,4
266,0,0,0,0,0,0,0,1,0,0,0,0,0,0,0,1,0,0,0,0,1
267,0,0,0,0,0,0,0,0,0,0,0,0,0,0,0,0,0,0,0,0,6
268,0,0,0,0,0,0,0,0,0,0,0,0,1,0,0,0,0,0,0,0,1
269,0,0,0,0,0,0,0,0,0,0,0,0,0,0,0,0,0,0,0,0,2
270,0,0,0,0,0,0,1,1,0,0,0,1,0,0,0,0,0,0,0,0,1
271,0,0,0,0,0,0,0,0,0,1,0,0,0,0,0,0,0,1,1,0,4
272,0,0,0,0,0,0,0,0,0,0,0,0,0,0,0,0,0,0,0,0,5
273,0,0,0,0,0,0,0,0,0,0,0,0,0,0,0,0,0,0,0,0,17
274,0,1,0,0,0,0,0,0,1,0,0,0,0,0,1,0,1,0,0,0,3
275,0,0,0,0,1,0,0,0,0,0,0,0,0,0,0,0,0,1,1,0,5
276,0,0,0,1,0,0,0,0,0,0,0,0,0,0,0,0,0,0,0,0,8
277,0,0,0,0,0,0,0,0,0,0,0,0,1,0,0,0,0,0,0,0,6
278,0,0,0,0,1,0,0,0,0,0,0,0,0,0,0,0,0,0,0,0,2
279,0,0,0,0,0,0,0,0,0,0,0,0,0,0,0,0,0,1,0,0,2
280,0,0,0,0,0,0,1,0,0,0,0,0,0,0,0,0,0,0,0,0,3
281,0,1,0,0,0,0,0,0,0,1,0,0,0,0,0,0,0,0,0,0,2
282,1,0,0,0,0,0,0,0,0,0,0,0,0,0,0,0,0,0,0,0,6
283,0,0,0,0,0,0,0,0,0,0,0,1,0,0,0,0,0,0,0,0,6
284,0,0,0,0,0,0,0,0,0,0,0,0,0,0,0,0,0,0,1,0,5
285,0,0,0,0,0,0,0,0,0,0,1,1,1,1,0,0,0,0,0,0,3
286,0,0,0,0,0,0,0,0,0,0,0,0,0,0,1,0,0,0,1,0,3
287,0,0,0,0,0,0,0,1,0,0,0,0,0,0,0,0,1,1,1,0,3
288,0,0,0,1,0,0,0,0,0,0,0,0,1,0,0,0,0,0,0,0,1
289,0,0,0,0,0,0,0,0,0,0,0,0,0,0,0,0,1,1,0,0,4
290,0,0,0,0,0,1,0,0,0,0,1,1,0,0,0,0,1,0,0,1,1
291,0,0,0,0,0,0,0,0,0,0,0,0,0,1,0,0,0,0,0,0,1
292,0,0,0,1,0,0,0,0,0,0,0,0,0,0,0,0,0,0,0,0,9
293,0,0,0,0,0,0,0,0,0,0,1,0,0,0,0,0,0,0,0,1,4
294,0,0,1,0,0,1,0,0,0,0,0,0,0,0,1,0,0,0,0,0,18
295,0,0,0,0,0,0,0,0,1,1,0,0,1,0,0,0,0,0,0,0,4
296,0,0,0,0,0,0,0,0,0,0,1,0,0,1,0,0,0,0,0,0,5
297,0,0,0,0,0,0,1,0,0,0,0,0,0,0,0,0,0,0,0,0,3
298,0,0,0,0,1,0,0,0,0,0,0,0,1,1,0,0,0,0,0,0,3
299,0,0,0,0,0,0,0,0,0,0,0,0,0,1,0,0,0,0,0,0,2
300,0,0,0,0,0,0,0,0,0,0,0,0,0,0,0,0,0,0,1,0,2
301,0,0,0,0,0,0,0,0,0,0,0,0,0,0,0,0,0,0,1,0,3
302,0,0,0,0,0,0,1,0,0,0,0,0,0,0,0,1,0,0,0,0,2
303,0,0,0,0,0,0,1,0,0,0,0,0,0,0,0,0,1,0,0,0,4
304,0,0,0,0,0,0,0,1,0,0,0,1,0,0,0,0,0,0,1,0,7
305,1,0,0,0,0,0,1,0,0,1,0,0,0,0,0,0,0,0,0,0,4
306,0,1,0,0,0,0,1,0,0,0,0,0,0,0,0,0,0,0,1,0,4
307,0,0,0,0,0,0,0,0,1,0,0,0,0,0,0,0,1,0,1,0,2
308,0,0,0,0,0,0,0,0,0,0,0,0,0,1,0,1,1,0,0,0,5
309,0,0,0,0,0,0,0,0,0,0,0,0,0,0,0,0,0,0,0,0,4
310,0,0,0,0,0,0,0,0,1,0,1,0,0,0,0,0,0,0,0,0,3
311,0,0,0,0,0,1,0,0,0,0,0,0,0,0,0,0,0,0,0,0,22
312,0,0,0,0,0,0,0,0,0,0,0,0,0,0,0,0,0,0,0,0,6
313,0,0,0,0,0,0,0,0,0,0,0,0,1,0,0,1,0,0,1,0,3
314,0,0,0,0,0,0,0,0,0,0,0,1,0,0,0,0,0,0,0,1,3
315,1,0,0,0,0,0,0,1,0,0,0,0,0,0,0,0,0,0,0,0,5
316,0,0,0,0,0,0,0,0,0,0,0,0,0,0,0,0,0,0,1,0,2
317,1,0,0,0,0,0,0,0,0,0,0,0,0,0,1,0,0,0,0,0,2
318,0,0,0,0,0,0,0,0,0,0,1,0,0,0,0,0,0,0,0,0,4
319,1,0,0,1,1,0,0,0,0,0,0,0,0,0,0,0,0,1,0,0,4
320,0,0,0,0,0,0,0,0,0,0,0,0,1,0,0,1,0,1,0,0,2
321,0,0,0,0,0,0,0,1,0,0,0,0,0,0,0,0,0,0,0,0,4
322,1,0,0,0,0,0,0,0,0,0,0,0,0,0,0,0,0,0,0,0,2
323,0,0,0,0,0,0,0,0,1,0,0,0,0,1,1,0,0,0,0,1,1
324,0,0,0,1,0,0,0,1,0,0,0,0,0,0,0,0,0,0,0,0,2
325,0,0,0,0,0,0,0,0,0,0,0,0,0,1,0,0,0,1,0,0,4
326,0,1,0,0,0,0,0,0,0,0,0,0,0,0,0,0,0,0,0,0,1
327,0,0,0,0,0,0,0,1,0,0,0,0,0,0,0,0,0,0,0,0,3
328,0,0,0,0,0,0,0,0,1,0,0,0,0,0,0,0,0,0,0,1,3
329,0,1,0,0,0,0,0,0,0,0,0,0,0,1,0,0,0,0,0,0,4
330,0,0,0,0,0,0,0,0,0,1,0,0,0,0,0,0,0,0,0,0,3
331,0,0,0,0,0,0,0,0,0,0,0,0,1,1,0,0,0,0,0,0,3
332,0,0,0,1,1,0,0,0,0,0,0,0,0,0,0,0,0,0,0,1,2
333,0,0,0,0,0,0,0,0,0,0,0,0,0,0,0,0,0,0,0,0,2
334,0,0,0,0,0,0,0,0,0,0,0,0,0,0,0,0,0,0,0,0,2
335,0,0,1,0,0,0,1,0,0,0,0,0,0,0,0,1,0,0,0,0,2
336,0,0,0,0,0,0,0,0,0,0,0,1,0,0,0,1,0,0,0,0,2
337,0,0,0,0,0,0,0,0,0,0,0,0,0,0,0,0,0,0,0,0,2
338,0,0,0,0,0,1,0,0,0,0,0,0,0,0,0,0,0,0,0,0,3
339,0,0,0,0,1,0,0,0,0,0,0,0,0,0,0,0,0,0,0,0,4
340,0,0,0,0,0,1,1,0,0,0,0,0,0,0,0,0,0,0,1,0,6
341,0,1,0,0,0,0,1,0,0,1,0,0,0,0,0,0,0,0,0,0,7
342,0,0,0,0,0,0,0,0,0,0,0,0,0,0,0,0,0,0,0,0,4
343,0,0,0,0,0,0,0,0,1,0,0,0,0,0,0,0,0,1,0,0,7
344,0,0,0,0,0,0,0,0,0,0,1,0,0,1,0,0,0,0,0,0,9
345,0,0,0,0,0,0,0,0,0,0,0,0,0,0,0,0,0,0,0,0,9
346,0,0,0,0,0,0,1,0,0,0,0,0,0,0,0,0,0,0,0,1,10
347,0,1,0,0,0,0,0,0,0,0,0,0,0,0,0,0,0,1,0,0,10
348,0,0,0,0,0,0,0,0,0,0,0,0,0,0,0,0,0,0,0,0,7
349,1,0,1,0,0,0,0,0,1,0,0,1,0,0,0,0,0,0,1,0,5
350,0,0,0,0,0,1,0,0,0,0,0,1,0,0,0,0,0,0,0,0,7
351,0,0,0,1,0,0,0,0,0,0,0,0,0,0,0,0,0,0,0,0,5
352,1,0,0,0,0,0,0,0,0,0,0,0,0,0,0,0,0,0,0,0,9
353,0,0,0,0,0,0,0,0,0,0,0,0,0,0,0,1,0,0,0,0,8
354,0,0,0,0,0,0,0,0,0,0,0,0,0,0,0,0,1,0,0,0,7
355,0,0,0,1,0,0,0,0,0,0,0,0,0,0,0,1,0,0,0,0,5
356,0,0,0,0,0,0,0,0,0,0,0,0,0,0,0,0,0,0,0,0,6
357,0,0,0,0,1,0,0,0,0,0,0,0,0,1,1,0,0,0,0,0,7
358,0,0,0,0,0,1,0,0,0,0,1,0,1,0,0,0,1,0,1,0,6
359,0,0,1,0,0,0,0,0,0,0,1,0,0,0,0,1,0,0,0,0,4
360,0,1,0,1,0,0,0,0,0,0,1,0,0,0,0,1,0,0,0,0,4
361,0,0,0,0,0,0,0,0,0,0,0,0,1,0,0,0,0,0,0,0,3
362,0,0,0,0,0,0,0,0,0,0,0,0,0,0,1,1,0,0,0,0,9
363,0,0,0,0,0,0,0,0,0,0,0,0,0,0,0,0,0,0,0,0,5
364,0,0,0,0,0,0,0,0,1,0,0,0,0,0,0,0,0,0,0,0,4
365,0,0,0,0,0,0,0,0,0,0,0,0,0,0,0,1,0,0,0,0,4
366,0,0,0,0,0,0,0,0,0,0,0,0,0,0,0,0,0,0,0,1,3
367,0,0,1,0,0,0,0,0,0,0,0,0,0,0,1,0,0,0,0,0,3
368,0,0,0,0,0,1,0,0,0,0,0,0,0,0,0,0,0,0,0,0,9
369,0,0,0,0,0,0,0,0,0,0,0,0,1,0,0,0,0,0,0,0,5
370,0,0,0,0,0,0,0,0,0,0,0,0,0,0,0,1,0,0,0,0,9
371,0,0,0,0,0,0,0,0,0,0,0,0,0,0,0,0,0,0,0,0,5
372,0,0,0,0,0,0,0,0,0,0,1,0,0,0,0,0,0,0,0,0,5
373,0,0,0,0,0,0,0,0,0,0,0,0,0,1,0,0,1,0,0,1,6
374,0,1,0,0,1,0,0,0,0,0,0,0,0,0,0,0,0,0,0,0,6
375,0,0,0,0,0,0,1,0,0,1,0,0,0,0,0,0,0,0,0,0,5
376,0,0,0,0,0,0,0,0,0,0,0,0,0,0,0,0,0,0,0,0,6
377,0,1,0,0,0,0,0,1,0,0,0,0,0,0,0,0,0,0,1,0,3
378,0,1,0,0,0,0,0,0,0,0,0,1,0,1,0,0,0,0,0,0,5
379,0,0,0,0,0,0,0,0,0,0,1,1,0,0,0,0,0,0,0,0,4
380,0,0,0,1,0,0,0,0,0,0,0,1,0,0,0,0,0,0,0,1,2
381,0,0,0,0,0,0,0,0,1,0,1,0,0,0,0,0,0,0,0,0,5
382,0,0,0,0,0,0,0,0,0,0,0,0,1,0,0,0,0,0,0,0,3
383,0,0,0,0,0,1,0,1,0,0,0,0,0,0,0,0,0,0,0,0,8
384,0,0,0,0,0,0,0,0,0,1,0,1,0,0,0,0,0,0,0,0,2
385,1,1,0,0,0,0,0,0,0,0,0,1,0,0,0,0,0,0,0,0,3
386,0,0,0,0,0,0,0,0,0,1,0,0,0,0,0,0,0,0,0,0,4
387,0,0,0,0,1,0,0,0,0,0,1,0,0,0,0,0,0,0,0,0,3
388,0,0,0,0,0,0,0,0,0,0,0,0,0,0,1,1,0,0,0,0,2
389,0,0,0,1,0,0,0,0,0,0,0,0,0,0,0,0,0,0,1,0,6
390,0,0,0,0,0,0,0,0,1,0,0,0,0,0,0,0,0,0,1,0,4
391,0,0,0,0,0,0,0,0,1,0,0,1,0,0,0,0,0,0,0,1,4
392,0,1,0,0,0,0,0,0,0,0,0,0,0,0,0,0,0,0,0,0,6
393,0,0,0,0,0,0,0,0,0,0,0,0,0,0,0,1,0,0,0,0,3
394,0,0,0,0,0,0,0,0,0,0,0,0,0,0,0,0,0,0,0,0,4
395,1,0,0,0,0,0,0,1,0,0,0,0,0,0,0,0,1,0,0,0,3
396,0,0,0,0,1,0,0,0,0,0,0,0,0,0,0,0,0,0,0,0,4
397,1,0,0,0,0,0,0,0,0,1,0,0,0,0,0,0,0,0,0,0,4
398,1,1,0,0,0,0,0,0,0,0,0,0,0,0,0,0,0,0,0,0,4
399,0,0,0,0,0,0,0,0,0,0,0,0,0,0,0,0,0,0,0,0,4
400,0,0,0,1,0,1,0,1,0,0,0,0,0,0,0,0,0,0,0,0,4
401,0,0,0,0,0,0,0,0,0,1,0,0,0,0,0,0,0,1,1,0,4
402,0,0,0,0,0,0,0,0,0,0,0,0,0,0,0,0,0,0,0,0,4
403,0,0,1,1,0,0,0,0,0,0,0,0,0,0,0,0,0,0,0,0,4
404,0,0,0,0,0,0,1,0,0,0,0,0,0,0,0,0,0,1,0,0,3
405,0,0,0,1,0,0,0,0,0,0,0,0,1,0,1,0,0,0,0,0,4
406,0,0,0,0,0,0,1,1,0,0,0,0,0,0,0,0,1,0,0,0,4
407,0,0,0,0,1,0,0,0,0,0,0,0,0,0,0,0,0,0,0,0,5
408,0,0,0,0,0,0,1,0,0,0,0,1,0,0,0,1,0,1,0,0,5
409,0,1,0,0,0,0,0,0,1,0,0,0,0,0,0,0,0,0,0,0,4
410,0,0,0,0,1,0,0,0,0,0,0,0,0,0,0,0,1,1,0,0,4
411,0,0,0,0,0,1,1,1,0,0,0,0,0,0,0,0,0,0,0,0,7
412,0,0,0,0,0,0,0,0,0,0,0,0,0,0,0,0,0,0,0,1,4
413,0,0,0,0,0,1,0,0,1,0,0,0,0,0,0,0,0,0,0,0,7
414,0,0,0,0,0,0,0,0,0,0,0,0,0,0,0,0,0,0,0,0,4
415,0,0,0,0,0,0,0,0,0,0,0,0,0,0,0,0,0,1,0,0,5
416,0,1,0,0,0,0,0,0,0,0,1,0,0,0,0,0,0,0,0,0,8
417,1,0,0,0,1,0,0,0,0,0,0,0,0,0,1,0,0,0,0,0,5
418,0,0,0,0,0,0,0,1,0,0,0,0,0,0,0,0,1,0,0,0,5
419,0,0,1,0,0,0,1,0,0,0,0,0,0,0,1,0,0,1,1,0,5
420,0,0,0,0,0,0,1,0,0,0,0,0,0,0,0,0,0,0,1,0,11
421,0,0,0,0,0,0,1,1,0,0,0,0,0,0,0,1,0,0,0,0,4
422,0,0,1,0,0,0,0,0,0,0,0,0,0,1,0,1,0,0,0,1,4
423,0,0,0,1,1,0,0,0,0,0,0,0,1,1,0,0,0,0,0,0,5
424,0,1,0,0,0,0,0,0,0,1,1,0,0,0,1,0,1,0,0,0,4
425,0,0,0,0,0,0,0,0,0,0,0,0,0,0,0,0,0,0,0,0,1
426,0,0,0,0,0,0,0,0,0,0,0,0,1,1,0,0,0,0,1,0,3
427,0,0,0,0,0,0,0,0,0,0,0,0,0,0,0,0,0,0,0,0,9
428,0,0,0,0,0,0,0,0,0,0,1,0,0,0,0,0,1,0,0,0,5
429,0,0,0,0,0,0,0,0,0,0,0,0,0,0,0,1,0,0,0,0,4
430,0,0,0,0,0,0,0,0,1,0,0,0,0,0,0,0,0,0,0,0,5
431,1,0,0,0,0,0,0,0,0,0,0,0,0,0,0,0,0,0,0,0,5
432,0,0,0,0,0,1,0,0,0,0,0,0,0,1,0,1,0,0,0,0,5
433,0,0,0,1,0,0,0,0,0,0,1,0,0,1,0,0,0,0,0,0,6
434,0,0,0,0,1,0,1,0,1,0,0,0,0,0,0,0,0,0,0,0,5
435,0,0,0,0,0,0,0,0,0,0,0,0,0,0,0,0,0,1,0,0,4
436,0,0,0,0,0,0,0,1,0,0,0,1,0,1,0,0,0,0,0,0,1
437,0,0,0,0,0,0,0,0,0,0,0,1,0,0,0,0,1,0,0,0,4
438,0,0,0,0,0,1,0,0,0,0,1,0,0,0,0,0,0,0,0,0,4
439,0,0,0,0,0,0,0,0,1,0,0,0,0,0,0,0,0,0,0,0,10
440,0,0,0,0,0,0,0,0,0,1,0,0,0,1,0,0,0,0,0,0,5
441,0,0,0,0,0,0,0,0,0,0,0,0,0,0,0,0,0,0,0,0,8
442,0,0,0,0,0,0,0,0,0,0,1,0,0,0,0,0,0,1,0,1,5
443,1,0,0,0,0,0,0,1,0,0,0,1,0,0,0,0,0,0,0,0,5
444,0,0,0,0,0,0,0,0,0,1,0,0,0,0,0,1,0,0,0,0,2
445,0,0,0,0,0,0,0,0,1,0,0,1,1,0,0,0,0,0,0,0,1
446,0,0,0,0,0,1,0,0,0,0,0,0,0,0,0,0,0,0,0,0,7
447,1,0,1,0,1,0,0,0,0,0,1,0,0,0,0,0,0,0,0,0,10
448,0,0,0,0,0,0,0,0,0,0,0,1,0,0,0,0,0,0,0,0,6
449,0,0,0,1,1,0,0,1,0,0,0,0,0,0,0,0,0,0,0,0,4
450,0,0,0,0,0,0,0,0,0,0,0,0,0,0,0,1,0,0,0,0,1
451,0,0,0,0,0,0,0,0,0,0,0,0,0,0,0,0,0,1,1,0,9
452,0,1,0,0,0,1,0,0,0,1,1,0,0,0,0,0,0,0,0,0,6
453,0,0,0,0,0,0,0,0,1,0,0,1,0,0,0,0,0,0,0,0,6
454,0,0,0,0,0,0,0,0,0,0,0,0,0,1,1,0,0,0,0,0,19
455,0,0,0,0,0,0,0,0,0,1,0,0,0,0,0,0,0,0,0,0,2
456,1,1,0,0,0,0,0,0,0,0,0,0,0,0,1,0,0,0,0,0,13
457,1,0,0,0,0,0,0,0,0,0,0,0,0,0,1,0,0,0,0,0,4
458,1,0,0,0,0,0,0,0,0,1,0,0,1,0,0,1,0,0,0,0,10
459,0,0,0,0,1,0,0,1,0,0,1,0,0,1,0,0,0,0,0,0,4
460,0,0,0,0,0,0,0,0,0,0,0,0,0,0,1,0,0,0,0,0,5
461,0,0,1,1,0,0,0,0,0,0,0,0,0,0,0,0,0,0,0,1,1
462,0,0,0,0,1,0,0,0,0,0,0,0,0,0,0,1,1,0,0,0,2
463,0,0,0,0,0,0,0,0,0,0,0,0,0,1,0,0,0,0,0,0,13
464,0,0,0,1,0,0,0,0,0,0,0,1,0,0,0,0,0,0,0,1,13
465,0,0,1,1,0,0,0,0,0,0,0,0,0,0,0,0,0,0,0,0,2
466,0,0,0,1,0,0,0,0,0,0,0,0,0,0,0,0,0,0,0,0,13
467,0,0,0,0,0,0,0,0,1,0,0,0,0,1,0,0,1,0,1,0,2
468,0,0,0,0,0,0,0,0,0,0,0,1,0,0,0,0,0,0,0,0,3
469,0,0,0,0,0,0,0,0,0,0,0,0,0,0,0,0,0,0,1,0,3
470,0,1,0,0,0,0,0,0,0,0,0,0,0,0,0,1,0,0,0,0,4
471,0,0,0,0,0,0,0,0,0,0,0,0,0,0,1,0,0,0,0,0,1
472,0,0,0,0,0,0,0,0,0,0,0,0,0,0,1,0,0,0,0,0,2
473,0,0,0,0,0,0,0,0,0,0,0,1,0,0,0,0,0,0,0,0,3
474,0,0,0,0,0,0,0,0,1,0,0,0,0,1,0,0,0,0,0,0,4
475,0,0,0,0,1,0,0,0,0,0,0,0,0,0,0,0,0,0,1,0,4
476,0,0,0,0,0,0,0,0,1,0,0,0,0,0,0,0,0,0,0,0,5
477,0,0,0,0,0,1,0,1,0,0,0,0,0,0,0,1,1,0,1,0,2
478,0,0,0,1,0,0,0,0,0,0,0,0,0,0,1,0,0,0,0,0,3
479,0,0,0,0,0,0,0,0,0,1,0,0,1,0,1,0,0,0,0,0,4
480,0,0,0,0,0,0,0,0,0,0,0,0,0,0,0,0,0,0,0,0,5
481,0,0,0,1,0,1,0,1,0,0,0,0,0,0,0,0,1,0,0,0,6
482,0,0,0,0,0,0,0,0,0,0,0,0,0,0,0,0,0,0,0,0,4
483,0,0,0,0,0,0,0,0,0,0,0,0,0,0,0,0,0,0,0,0,5
484,0,0,0,0,0,0,0,1,0,0,0,0,1,1,0,0,0,0,0,0,1
485,0,0,0,1,0,1,0,0,0,0,0,0,0,1,0,0,0,0,0,0,2
486,0,0,0,0,0,0,1,1,0,0,0,0,0,0,0,0,0,0,0,0,3
487,0,0,1,0,0,0,0,0,0,0,0,0,0,0,1,0,0,0,0,1,7
488,0,0,0,1,0,0,1,0,0,0,0,0,0,1,1,0,0,0,0,0,8
489,0,0,1,0,0,0,0,0,0,0,0,0,0,0,0,0,0,0,0,0,2
490,1,1,0,0,1,0,0,0,0,0,1,0,0,0,0,0,0,0,0,0,4
491,0,0,0,0,0,0,0,0,0,0,0,0,0,0,0,1,1,0,0,0,4
492,0,0,0,0,0,0,0,0,0,0,0,0,0,0,0,0,0,1,0,0,4
493,0,0,0,0,0,0,0,0,0,1,0,0,0,0,0,0,1,0,0,0,4
494,0,0,0,1,0,1,0,0,0,0,0,0,0,0,0,0,0,0,0,0,4
495,0,0,0,0,0,0,0,0,1,1,0,1,0,0,0,0,0,0,0,1,3
496,0,0,0,1,0,0,0,0,0,0,1,0,0,0,0,0,0,0,1,0,2
497,0,0,0,0,0,0,0,0,0,0,0,0,0,0,0,0,0,0,1,0,10
498,0,0,0,0,1,0,0,0,0,1,0,1,0,0,0,0,0,0,0,0,3
499,0,0,0,0,0,0,0,0,0,0,0,0,1,0,0,0,0,0,0,0,3
500,0,1,0,0,0,0,0,0,0,0,0,0,0,0,0,0,0,0,0,0,2
501,0,0,0,0,0,0,0,0,0,0,0,0,0,0,0,1,0,0,0,0,2
502,0,0,0,0,0,1,0,0,0,0,1,0,0,1,0,0,0,1,0,0,1
503,1,0,0,0,0,0,0,0,0,1,0,0,0,0,0,0,0,0,0,1,1
504,0,0,0,0,0,0,0,0,0,0,0,0,0,0,0,0,0,0,0,0,2
505,1,0,0,0,0,0,0,0,0,0,0,0,0,0,0,0,0,0,0,0,1
506,0,0,0,0,0,0,0,0,0,0,0,0,0,0,0,0,0,0,0,0,2
507,0,0,1,0,1,1,0,0,0,0,0,0,0,0,0,0,0,0,0,0,4
508,0,1,0,0,0,0,0,0,0,0,0,0,0,0,0,1,0,0,0,0,2
509,0,0,0,0,1,0,0,0,0,0,0,0,0,0,0,0,0,1,1,0,2
510,0,0,0,1,0,0,0,0,0,0,0,0,0,0,1,0,0,0,0,0,1
511,0,0,0,0,1,0,0,0,0,0,0,0,0,0,0,0,0,0,0,0,3
512,0,0,0,0,0,0,0,0,0,0,0,0,1,0,0,0,0,0,0,0,2
513,0,1,1,0,0,0,0,0,0,0,0,0,0,0,0,0,0,1,0,0,1
514,0,1,0,0,0,0,0,0,0,0,0,0,0,0,0,0,0,0,0,0,1
515,0,0,0,0,0,0,0,0,0,0,0,0,0,1,0,0,1,0,0,0,1
516,0,0,0,0,0,0,0,0,0,0,0,1,0,1,0,0,1,0,0,0,1
517,0,0,1,0,0,0,0,0,0,0,0,0,0,0,0,0,0,0,0,0,1
518,0,0,0,0,0,0,1,0,0,0,0,0,0,0,0,0,0,0,0,0,1
519,0,0,0,0,0,1,0,0,0,0,0,0,1,0,0,0,0,0,0,0,2
520,0,0,1,0,0,0,0,0,0,0,0,0,1,0,0,1,0,0,0,0,1
521,0,0,0,0,0,1,1,0,0,0,0,0,0,0,0,0,0,0,0,0,1
522,0,0,0,1,0,0,0,0,0,1,0,0,0,0,0,0,0,0,0,0,5
523,0,0,0,0,0,0,0,0,1,0,0,0,0,0,0,0,1,0,0,0,3
524,0,0,0,0,0,0,0,1,0,0,0,0,0,0,0,0,0,0,0,0,1
525,0,0,0,0,0,0,0,1,0,0,0,0,1,0,0,0,0,0,0,0,1
526,0,0,0,0,0,0,0,0,0,0,0,0,0,0,0,0,0,0,0,0,1
527,0,0,0,0,0,0,0,0,0,0,0,0,0,0,0,0,0,0,0,0,1
528,0,1,0,0,0,0,1,0,0,0,1,0,0,0,0,0,0,0,0,0,1
529,0,0,0,0,1,0,0,0,0,1,0,0,0,0,1,0,0,0,0,0,1
530,0,0,0,0,0,0,0,0,0,0,0,0,0,0,0,0,0,0,0,1,1
531,0,0,0,0,0,0,0,0,0,0,0,0,0,0,0,0,0,1,0,0,3
532,1,0,0,0,0,0,0,0,0,0,0,0,0,0,0,0,0,0,0,0,8
533,1,0,0,0,0,0,0,0,1,0,1,0,0,0,0,0,0,0,0,0,6
534,0,0,0,0,0,0,0,0,0,0,0,0,0,0,0,0,0,0,0,0,1
535,0,0,0,0,0,0,1,0,0,0,0,0,0,0,0,0,0,0,0,0,1
536,0,0,0,0,0,0,0,0,0,1,0,0,1,0,0,0,0,0,0,0,1
537,1,0,0,0,0,0,1,0,1,0,0,0,0,0,0,0,0,1,0,0,1
538,0,0,0,0,0,0,0,0,0,0,1,0,0,1,0,0,0,0,0,0,2
539,0,0,0,0,0,0,0,0,0,0,0,0,0,0,0,0,1,0,0,0,1
540,0,0,1,0,0,0,0,1,0,1,0,0,0,0,0,0,1,1,0,0,1
541,1,0,0,1,0,0,0,0,1,1,0,0,0,0,0,0,0,0,1,0,1
542,0,0,0,0,1,0,1,1,0,0,0,0,0,0,1,0,0,0,0,0,4
543,0,0,0,0,0,0,0,0,0,1,0,1,0,0,0,0,0,0,0,0,6
544,0,0,0,0,1,0,0,0,0,0,0,0,0,0,0,0,0,0,0,0,4
545,0,0,0,0,0,0,1,0,1,0,0,1,0,0,1,0,0,0,0,0,2
546,0,0,0,0,0,0,0,1,0,0,0,1,1,0,0,0,0,0,0,0,1
547,0,0,0,0,0,0,0,0,0,0,0,0,0,0,0,0,0,0,0,1,1
548,0,0,0,0,0,0,0,0,0,0,0,0,0,0,0,0,0,0,1,0,2
549,0,0,0,0,0,0,0,0,0,1,0,1,0,0,1,0,0,0,0,0,2
550,1,0,0,0,0,0,1,0,0,0,0,0,0,0,0,0,0,0,0,0,4
551,0,0,0,0,0,0,0,0,0,0,0,0,0,1,0,0,0,0,0,0,6
552,0,0,0,0,0,0,0,0,0,0,0,1,1,0,0,0,0,0,0,0,1
553,0,0,0,0,0,1,0,1,0,0,0,0,0,0,0,0,0,0,0,0,3
554,1,1,0,0,0,0,0,0,0,0,0,0,0,0,0,0,0,0,0,0,3
555,0,0,0,0,0,0,0,0,0,0,0,1,0,0,0,1,0,0,0,0,1
556,0,0,0,0,0,0,0,0,0,0,0,0,0,0,0,0,0,0,0,0,3
557,0,0,0,0,0,0,0,0,0,0,0,0,0,0,0,0,0,0,0,0,3
558,0,0,0,0,0,0,1,0,0,0,0,0,0,0,0,0,0,0,0,0,7
559,0,0,0,0,0,0,0,0,0,0,0,1,1,0,0,1,0,0,1,0,7
560,0,0,0,0,0,0,0,0,1,0,0,0,0,0,0,0,0,1,0,0,1
561,0,0,0,0,0,1,0,0,0,0,0,0,0,0,0,0,0,0,0,0,4
562,0,1,0,0,1,0,0,0,0,0,0,0,0,1,0,0,0,0,0,0,2
563,0,0,0,0,0,0,1,0,0,0,1,1,0,0,0,0,0,0,0,0,5
564,0,0,0,1,0,0,0,0,0,0,0,0,0,1,0,0,0,0,1,0,9
565,0,1,0,0,0,0,0,0,0,0,1,0,0,0,1,0,1,0,0,0,4
566,1,0,0,0,0,0,0,0,0,1,0,0,0,0,0,0,0,1,0,0,1
567,0,0,0,0,0,0,0,0,0,0,0,0,0,0,0,0,0,1,0,0,1
568,0,1,0,0,0,0,0,0,0,0,0,0,0,0,0,1,0,0,0,0,2
569,0,0,0,0,0,0,0,1,0,0,1,0,0,0,0,0,0,0,0,0,3
570,0,0,0,0,0,0,1,1,0,0,0,0,1,0,0,0,0,0,0,1,1
571,0,0,0,1,0,0,0,0,0,0,0,0,0,0,0,0,0,0,0,0,1
572,0,0,0,0,0,1,0,0,0,0,0,0,0,0,0,0,1,0,0,1,1
573,0,0,1,0,0,0,0,0,0,0,0,0,0,0,0,0,0,0,0,0,1
574,0,0,0,0,0,1,0,0,0,0,0,0,0,0,1,0,0,0,0,0,7
575,0,0,0,0,0,0,0,0,0,0,0,0,1,0,0,0,0,0,1,0,1
576,1,1,0,0,0,0,0,0,0,0,0,0,0,0,0,0,0,0,0,0,3
577,0,0,0,0,0,0,0,0,0,0,0,0,0,0,0,0,0,0,0,0,1
578,0,0,1,0,0,0,1,0,0,0,0,0,0,0,0,0,0,0,0,0,2
579,0,0,0,1,0,0,0,0,1,0,0,0,0,1,1,0,0,0,0,0,2
580,1,0,0,0,0,0,0,0,0,0,0,0,0,0,0,0,0,0,0,0,2
581,0,0,0,0,0,1,0,1,0,0,1,0,0,0,0,0,1,0,0,0,1
582,0,0,0,0,1,0,0,0,0,1,0,0,0,0,0,1,0,0,0,0,3
583,0,0,0,0,0,0,0,0,0,0,0,0,0,0,0,0,1,1,0,0,1
584,0,0,0,0,0,0,1,1,0,0,0,0,0,1,0,0,0,0,0,0,1
585,0,1,0,0,0,0,1,0,0,0,0,0,0,0,0,0,0,0,0,0,1
586,0,0,0,0,0,0,0,0,0,0,0,0,1,0,0,0,1,0,0,0,2
587,1,1,0,0,0,0,0,0,0,1,0,0,0,0,0,0,0,0,1,1,1
588,0,0,0,0,0,0,0,0,0,0,0,0,0,0,1,0,0,0,0,0,1
589,0,0,0,0,0,1,0,0,0,0,0,0,0,1,0,0,0,1,0,0,1
590,0,0,0,0,0,0,0,0,1,0,0,0,0,0,0,0,0,0,0,0,2
591,1,0,1,0,1,0,0,1,0,0,0,0,0,0,0,0,0,0,0,0,8
592,0,0,1,0,0,0,0,0,0,0,0,0,1,1,0,0,0,0,0,0,1
593,0,0,0,0,0,0,0,1,1,0,0,0,0,0,0,0,0,1,0,0,1
594,0,0,0,0,0,0,0,0,0,0,0,0,0,0,0,0,0,0,0,0,2
595,1,0,0,0,0,0,0,0,0,0,0,0,0,0,1,0,0,0,1,0,1
596,0,0,1,0,0,0,0,0,0,0,0,0,0,0,0,0,0,0,0,0,5
597,0,0,0,0,0,0,0,0,0,0,0,0,0,0,1,0,0,0,0,0,1
598,0,0,0,0,0,1,0,0,1,0,0,0,0,0,0,0,0,0,0,0,1
599,0,0,0,0,1,0,0,0,1,0,0,0,0,0,0,0,0,0,0,0,1
600,0,0,0,0,0,0,0,0,0,0,0,0,0,0,0,0,0,0,1,0,1
601,0,0,0,0,0,0,0,0,0,0,0,0,0,0,0,0,0,0,0,0,1
602,0,0,0,0,0,0,0,1,0,0,0,0,0,0,0,0,0,0,0,0,2
603,1,0,0,0,0,0,0,0,1,0,0,1,0,0,0,0,0,0,0,0,1
604,0,0,0,0,0,0,0,0,0,1,0,0,0,0,0,0,1,0,0,0,1
605,0,0,0,0,1,0,0,0,0,0,0,0,0,0,0,0,0,0,0,0,1
606,0,0,0,0,0,0,0,0,0,0,0,0,0,0,0,1,0,0,0,0,2
607,0,1,0,0,1,1,0,0,1,0,0,0,0,0,1,0,0,0,0,0,2
608,1,0,0,0,0,0,0,0,0,0,0,0,0,0,0,1,0,0,1,0,3
609,0,1,0,0,0,0,0,0,0,0,0,0,0,0,0,0,0,0,0,0,3
610,0,0,0,0,0,0,0,0,0,0,0,0,0,0,0,0,0,0,1,0,7
611,0,0,0,1,0,0,0,0,0,1,0,0,0,0,0,0,0,0,0,1,3
612,0,0,0,0,0,1,0,0,0,0,0,0,0,0,0,0,0,0,0,0,1
613,0,0,0,0,0,0,0,0,1,0,0,0,0,0,0,0,0,0,0,1,1
614,0,1,0,0,0,0,0,0,0,1,1,0,0,1,0,0,0,0,1,0,1
615,0,0,0,0,0,0,0,0,0,0,0,0,0,0,0,0,0,0,1,0,1
616,0,0,0,0,0,1,0,0,1,1,1,0,0,0,1,0,0,0,0,0,6
617,0,0,1,0,0,0,0,0,0,0,0,0,0,0,0,0,0,1,0,0,4
618,0,0,0,0,0,0,0,0,0,0,0,0,0,0,0,1,0,0,0,0,1
619,0,0,0,0,0,0,0,0,0,0,0,0,0,0,0,0,0,0,0,0,9
620,0,0,0,0,0,1,0,0,0,0,0,0,0,0,0,0,0,0,0,0,1
621,0,0,0,0,1,0,0,0,0,1,0,0,1,0,1,0,0,1,0,0,1
622,0,0,0,0,0,0,1,0,0,0,0,0,0,0,0,0,0,0,0,0,1
623,0,0,0,0,1,0,0,0,0,0,0,0,0,0,0,0,0,0,0,0,1
624,0,0,0,0,0,0,0,1,0,0,0,0,0,0,0,0,0,0,0,0,1
625,0,0,0,0,0,0,1,1,0,0,0,0,0,0,0,0,0,0,0,1,1
626,0,0,0,1,0,0,0,0,0,0,0,0,0,0,0,0,0,0,0,0,12
627,0,0,0,0,0,0,0,0,0,0,0,0,0,0,0,0,0,1,0,0,1
628,0,0,0,1,0,0,0,0,0,0,0,0,0,0,0,0,0,0,0,1,1
629,0,0,0,0,1,0,1,0,0,0,0,0,0,0,0,0,1,0,0,0,2
630,1,0,0,0,0,0,0,1,0,0,0,0,0,0,0,0,0,0,0,0,1
631,0,0,0,0,0,0,0,0,0,0,0,0,0,0,1,0,0,0,1,0,2
632,0,0,0,0,0,0,0,0,0,0,0,0,0,0,0,0,0,0,0,0,1
633,0,0,0,0,0,0,0,1,0,0,0,1,0,1,0,0,0,0,1,1,1
634,0,0,0,1,0,0,0,0,0,0,0,0,0,0,0,0,0,0,0,0,2
635,0,0,0,0,0,0,0,0,0,0,0,0,0,0,0,0,0,0,0,0,2
636,0,0,0,0,0,0,0,0,0,0,0,0,0,0,0,1,0,0,0,0,3
637,0,0,0,0,0,0,0,0,1,0,0,0,0,1,0,0,0,0,0,0,2
638,0,0,0,0,0,0,0,1,0,0,0,0,0,0,0,0,1,0,0,1,4
639,0,0,0,0,1,0,0,0,0,0,0,1,0,0,0,0,0,1,1,0,2
640,0,0,0,0,0,0,0,0,0,0,0,0,1,0,0,0,0,1,0,0,6
641,0,0,1,0,0,0,0,0,0,0,0,0,0,1,0,0,0,0,0,0,8
642,0,0,0,0,1,0,1,0,0,1,0,0,0,0,0,0,0,0,0,0,2
643,0,0,0,0,0,0,0,0,0,0,0,0,0,0,0,1,0,0,0,0,4
644,0,0,0,0,0,0,0,0,0,0,0,0,0,0,0,0,1,1,0,0,5
645,0,0,0,0,0,0,0,1,0,0,0,0,0,0,0,0,0,0,0,1,10
646,0,0,0,0,0,0,0,0,0,0,0,1,0,0,0,0,0,0,0,1,1
647,1,0,0,0,0,0,0,1,0,0,0,0,0,0,0,0,0,0,0,0,2
648,1,0,0,0,0,0,0,0,0,1,0,0,1,0,0,0,0,0,0,0,1
649,0,0,0,0,0,0,0,0,0,0,0,0,0,0,0,0,0,0,0,0,1
650,0,0,0,0,0,1,0,1,0,0,0,0,0,0,0,0,0,0,0,0,1
651,1,0,0,0,0,0,0,0,0,0,0,0,0,0,0,0,0,0,0,0,2
652,0,0,0,0,0,1,0,0,0,1,1,0,0,1,0,0,0,0,0,0,2
653,1,0,0,0,1,0,1,1,0,0,0,0,0,0,0,0,0,0,0,0,1
654,0,0,0,0,0,0,0,0,0,0,0,0,0,0,0,0,0,0,0,0,1
655,0,1,0,0,0,0,0,0,0,0,0,1,0,0,0,0,0,0,0,1,2
656,0,0,0,0,0,0,0,0,0,0,0,0,0,0,0,0,0,0,0,0,1
657,0,0,0,0,0,0,0,0,0,0,1,0,0,0,0,1,0,1,0,0,6
658,0,0,1,0,0,0,0,0,0,0,0,0,0,0,0,0,0,0,0,0,1
659,0,0,0,0,0,0,0,0,0,0,1,0,0,0,0,0,0,0,0,0,1
660,0,0,0,0,0,0,0,0,0,0,0,0,0,1,1,0,1,0,0,0,2
661,0,0,0,0,0,0,0,0,0,0,0,0,0,0,0,0,0,0,0,0,2
662,0,0,0,0,0,0,0,0,0,0,0,0,0,0,0,0,0,0,0,0,2
663,1,0,0,0,0,0,0,0,0,0,0,0,1,0,0,0,1,0,0,0,3
664,0,0,0,0,0,0,0,0,0,0,0,0,0,1,0,0,0,0,1,1,1
665,0,1,0,0,0,0,0,0,0,1,0,0,0,0,0,0,0,0,0,0,3
666,0,0,0,0,0,0,0,0,0,0,0,0,0,0,0,0,0,0,0,0,2
667,0,0,0,0,0,0,1,0,0,0,0,0,0,0,0,0,0,0,0,1,1
668,0,0,0,0,0,0,0,0,0,0,0,0,1,0,0,0,0,0,0,0,5
669,0,0,1,0,0,0,0,0,0,0,0,0,0,0,0,0,0,0,0,0,1
670,0,0,0,0,0,0,0,0,0,0,0,0,0,0,0,0,0,0,0,0,1
671,0,0,0,0,0,0,0,0,0,0,0,0,0,1,0,1,1,1,0,0,6
672,0,0,0,0,0,0,0,0,0,0,0,0,0,0,0,1,0,0,0,0,1
673,0,0,0,0,0,1,0,0,0,0,0,0,0,0,0,0,0,0,0,0,1
674,0,0,0,0,0,0,0,0,0,0,0,0,0,0,0,0,0,1,0,0,6
675,1,0,0,0,0,0,0,0,0,1,1,0,0,0,0,0,0,0,0,0,4
676,0,0,0,0,0,0,0,0,0,0,0,0,1,0,0,0,0,0,0,0,5
677,0,0,0,0,0,0,0,0,0,0,0,0,0,0,0,0,0,0,0,1,1
678,0,0,0,0,0,0,1,0,0,0,1,1,0,0,0,0,1,0,0,0,1
679,0,0,1,0,0,0,0,0,0,0,0,0,0,1,0,0,0,1,0,0,1
680,0,0,0,0,0,0,0,0,0,0,1,1,1,1,0,0,0,0,0,0,4
681,1,0,0,0,1,0,0,0,0,0,0,0,0,0,0,0,1,0,0,0,1
682,0,1,0,0,0,0,0,0,0,0,0,0,0,0,0,0,0,0,0,0,4
683,0,0,0,0,0,0,0,0,0,0,0,0,0,0,0,0,0,0,0,0,1
684,0,1,0,0,0,0,0,0,0,0,0,0,0,0,1,0,0,0,0,1,1
685,0,0,0,0,0,0,1,0,0,0,1,0,0,0,0,0,0,0,0,0,1
686,0,0,0,0,0,0,0,0,0,0,0,1,0,0,0,0,0,0,0,0,1
687,0,0,0,0,0,0,1,0,1,0,0,0,0,0,0,0,0,0,0,0,8
688,0,0,1,0,0,0,0,1,0,0,1,0,0,0,0,0,0,0,0,0,1
689,0,0,0,0,0,0,0,0,0,0,0,0,0,0,0,0,0,0,0,0,1
690,0,0,0,0,0,0,1,0,0,0,0,0,0,0,0,0,0,0,0,0,1
691,0,0,0,1,0,0,0,0,0,0,0,0,0,0,1,0,0,0,0,0,2
692,0,0,1,1,0,0,0,0,0,0,0,0,0,0,0,0,1,0,0,0,1
693,0,0,1,1,0,1,0,0,0,0,0,0,0,0,0,0,0,0,0,0,1
694,0,0,1,0,0,0,0,0,0,0,0,0,0,0,1,0,0,0,0,0,1
695,0,0,1,0,0,0,1,0,0,0,0,0,0,0,0,0,0,0,0,0,1
696,0,0,0,0,0,0,0,0,1,0,0,1,0,0,0,0,0,0,1,0,1
697,0,0,0,0,0,0,0,0,0,0,0,0,0,1,0,0,0,0,0,1,2
698,0,0,0,0,0,0,1,1,1,0,0,0,0,0,1,0,0,0,0,0,4
699,0,0,0,0,0,0,0,0,0,0,0,0,0,0,0,0,0,0,0,0,1
700,0,0,0,1,0,1,0,1,0,0,1,0,0,0,0,0,0,0,0,1,1
701,0,0,0,0,1,0,0,0,0,0,0,0,0,0,0,0,0,0,0,0,1
702,0,0,0,0,0,1,0,0,0,0,0,0,0,1,0,0,0,0,0,0,1
703,0,0,0,0,0,1,0,0,0,0,0,0,1,0,0,0,0,1,1,0,16
704,0,0,0,0,0,0,0,0,0,0,0,0,0,0,0,0,0,1,0,0,4
705,0,0,0,0,0,0,1,0,0,0,0,1,0,0,0,0,0,0,0,0,2
706,0,0,1,0,0,0,0,0,0,0,0,0,0,1,0,0,0,0,0,0,3
707,0,0,0,0,1,0,0,0,0,0,0,0,0,0,0,0,0,0,0,0,4
708,0,0,0,0,0,0,0,0,0,0,0,0,0,0,0,0,1,0,0,0,6
709,1,0,1,0,0,0,0,0,0,1,0,0,0,0,0,0,0,0,0,0,7
710,0,0,0,0,0,0,0,0,0,0,0,0,0,0,0,0,0,0,0,0,4
711,0,0,0,0,0,0,0,0,0,0,0,0,0,0,0,0,0,0,0,0,5
712,1,0,0,0,0,0,0,0,0,0,0,0,0,0,0,0,0,0,0,0,3
713,0,0,0,0,0,0,0,0,0,0,0,0,0,0,0,0,1,0,0,0,9
714,0,0,0,0,0,0,0,0,0,0,0,0,0,0,0,1,0,0,0,0,9
715,0,0,0,1,0,1,0,0,0,0,0,0,0,0,0,1,1,0,0,0,2
716,0,0,0,0,0,0,0,1,0,1,1,0,0,0,0,0,0,0,1,0,3
717,0,0,0,0,0,1,0,0,0,0,0,0,0,0,0,0,0,1,0,0,5
718,1,0,0,0,0,0,0,1,0,0,0,0,0,0,1,0,1,0,0,0,2
719,0,0,0,0,0,0,0,0,0,0,0,0,0,0,0,0,1,1,0,0,8
720,0,1,1,0,0,0,0,0,0,1,0,0,0,0,0,1,0,0,0,0,3
721,0,0,0,0,0,0,0,0,0,1,0,0,0,0,0,0,0,0,0,0,10
722,0,0,1,0,0,0,0,0,0,0,0,1,0,1,0,0,0,0,0,1,4
723,0,1,0,0,1,0,1,0,0,0,0,0,0,0,0,0,0,0,1,0,5
724,0,0,0,0,0,0,0,0,1,0,0,0,0,1,0,0,0,0,0,0,6
725,0,0,0,0,0,0,0,0,0,1,1,1,0,0,0,0,0,0,1,0,7
726,0,0,0,0,0,0,0,0,0,0,1,0,0,0,0,1,0,0,0,1,6
727,0,0,0,0,0,0,0,0,0,0,0,1,1,0,0,1,0,0,0,0,1
728,0,0,0,1,0,0,0,0,0,0,0,0,0,0,0,0,0,1,0,0,4
729,0,0,0,0,0,0,0,0,0,0,0,0,0,0,0,0,0,0,0,0,7
730,0,0,0,1,1,0,0,0,0,0,1,0,1,0,0,0,0,0,0,1,5
731,0,0,0,0,0,0,0,0,0,0,0,0,0,0,0,0,0,0,0,0,2
732,0,0,0,0,0,0,0,0,0,1,0,0,0,0,0,0,0,0,0,0,8
733,0,0,0,0,0,0,0,0,0,0,0,0,1,1,0,0,0,1,0,0,8
734,0,0,0,0,0,0,0,0,0,0,0,0,0,0,0,0,0,0,0,0,3
735,0,0,1,0,0,1,0,0,0,0,0,0,0,0,0,0,0,0,0,0,2
736,1,0,0,1,0,0,0,0,0,0,0,0,0,0,1,0,0,0,0,0,7
737,0,0,0,1,0,0,0,0,0,0,0,1,1,1,0,1,0,0,0,0,2
738,0,0,0,0,0,1,0,0,0,0,0,0,0,0,0,0,0,1,0,0,6
739,0,0,0,0,0,0,0,0,0,0,0,0,0,0,0,0,0,0,0,0,4
740,0,0,1,0,0,0,0,0,0,0,0,1,0,0,0,0,0,0,0,0,7
741,0,0,0,0,0,0,1,0,0,0,0,0,0,0,0,0,0,0,0,0,2
742,0,1,0,0,1,0,0,0,0,0,0,0,0,0,0,0,0,0,0,0,2
743,1,0,0,0,0,0,0,0,0,1,0,0,1,0,0,0,0,1,1,0,5
744,1,0,0,0,0,0,0,0,0,0,0,1,0,1,0,0,0,0,0,0,6
745,0,0,0,1,0,1,0,0,0,1,0,0,0,0,0,0,0,0,0,1,5
746,0,0,0,0,0,0,0,1,0,1,0,0,0,0,0,0,0,0,0,0,7
747,0,0,0,0,1,0,0,0,0,0,0,0,1,0,0,0,0,0,1,0,3
748,0,0,0,0,1,0,0,0,0,0,0,0,0,0,0,0,0,0,0,1,5
749,0,0,0,0,0,0,0,0,0,0,0,0,0,0,0,0,0,0,0,0,5
750,0,0,0,0,0,0,0,0,0,0,0,0,0,0,0,0,0,0,0,1,7
751,0,0,0,0,0,0,1,0,1,0,0,0,0,0,0,0,0,0,0,0,6
752,0,0,0,0,0,0,0,0,0,0,0,0,0,0,0,0,0,0,1,0,4
753,1,1,0,0,0,0,1,0,0,1,0,0,0,0,0,0,0,0,0,0,9
754,0,0,0,1,0,0,0,0,0,0,0,0,0,1,0,1,0,0,0,0,7
755,0,0,0,0,0,0,0,0,1,0,0,0,0,0,0,0,0,0,0,0,6
756,1,0,0,0,0,0,0,0,0,0,0,0,0,0,0,0,0,0,0,0,1
757,1,1,0,0,1,1,0,0,0,0,0,0,0,0,0,0,0,0,0,0,6
758,0,0,0,0,0,0,0,0,1,0,0,0,0,0,0,0,0,0,0,0,10
759,0,0,0,0,0,0,0,0,0,1,0,0,0,0,0,0,0,0,0,0,7
760,0,0,0,1,0,0,0,0,0,0,0,0,0,0,0,0,0,0,0,0,6
761,0,0,0,1,0,0,0,0,0,0,0,0,0,0,1,0,0,0,0,0,8
762,0,0,0,0,0,0,0,0,0,0,0,0,0,0,0,0,0,0,0,0,8
763,0,0,0,0,0,0,0,0,0,0,0,0,0,0,0,0,0,0,0,1,6
764,0,0,0,0,0,0,0,1,0,0,0,0,0,0,0,0,1,0,0,0,5
765,0,0,1,0,0,0,0,0,0,1,0,0,0,0,0,0,0,0,0,0,5
766,0,1,0,1,0,1,0,0,0,1,0,0,0,0,0,0,1,0,0,0,5
767,0,0,0,1,0,0,0,0,0,1,0,1,0,0,0,0,0,1,0,0,6
768,0,0,1,0,0,0,0,0,0,0,0,0,0,0,0,0,0,0,0,0,9
769,0,0,1,0,0,1,0,0,0,0,0,0,0,0,1,0,0,0,0,0,5
770,0,0,1,0,0,0,0,0,0,0,0,0,0,0,0,1,0,0,0,1,10
771,1,0,0,0,0,0,0,0,0,0,0,1,1,0,0,0,1,0,0,0,10
772,0,0,1,0,0,0,0,0,0,0,0,0,0,0,0,0,0,0,0,0,9
773,0,1,0,0,0,0,0,0,0,0,0,0,0,0,0,0,0,0,0,0,5
774,0,0,0,0,0,0,0,1,0,0,0,0,0,0,1,1,0,0,0,0,4
775,0,0,1,1,0,0,0,0,0,0,0,0,1,0,0,0,0,0,0,0,4
776,0,0,0,0,0,0,1,0,0,0,0,0,0,0,0,0,0,0,0,0,10
777,0,0,0,0,0,0,1,0,0,0,0,0,0,0,0,0,1,0,0,0,9
778,0,0,1,0,0,0,0,0,0,0,0,0,0,0,0,1,1,1,1,1,8
779,0,0,0,0,0,0,0,0,0,0,1,0,0,0,0,0,0,0,1,0,9
780,0,1,0,0,0,0,0,0,0,0,0,0,0,0,0,0,0,0,0,1,5
781,0,0,0,0,0,0,0,0,1,0,0,0,0,1,0,0,1,1,1,1,11
782,0,0,0,0,0,0,0,0,0,0,1,0,0,0,0,0,0,0,0,1,9
783,0,0,0,0,0,0,0,1,0,1,1,0,1,0,0,0,0,0,0,0,12
784,0,0,1,0,0,0,0,0,0,0,0,0,0,0,0,0,0,0,1,0,5
785,0,0,0,0,0,0,0,0,0,0,0,0,0,0,0,0,0,0,1,0,9
786,0,0,0,0,0,0,0,0,1,1,0,0,0,0,1,1,0,0,0,0,5
787,0,0,0,0,0,0,0,0,0,1,0,1,0,0,0,0,1,0,0,0,7
788,0,0,0,0,0,1,0,0,0,0,0,0,0,0,0,0,0,0,0,0,10
789,0,0,0,0,0,0,0,0,0,0,0,0,0,1,1,0,0,0,0,0,11
790,1,0,0,1,1,0,0,0,0,0,1,0,0,0,0,0,0,0,0,0,7
791,0,0,0,0,0,0,0,0,0,0,0,0,0,0,1,0,0,0,0,0,7
792,0,0,0,0,0,0,0,0,0,0,0,0,0,0,1,0,0,0,0,0,5
793,1,0,0,1,1,0,0,0,0,0,0,0,0,0,0,0,0,0,0,0,9
794,0,0,0,0,0,0,0,0,0,0,0,0,0,0,0,1,0,0,0,0,11
795,0,0,0,0,0,0,0,0,1,0,0,0,0,0,0,0,0,0,0,0,8
796,0,0,0,0,0,1,0,0,1,0,0,0,0,0,0,0,0,0,0,0,5
797,0,0,0,0,0,0,0,0,0,0,0,0,1,0,0,0,1,0,0,0,12
798,0,0,0,0,0,0,0,0,0,0,0,0,0,0,1,1,0,1,1,0,5
799,0,0,0,1,0,0,0,0,0,0,0,0,0,0,0,0,0,0,0,0,4
800,0,0,1,0,0,0,0,0,0,1,0,0,1,0,0,0,0,1,0,0,6
801,0,0,0,0,0,0,0,0,0,0,0,0,1,0,0,1,0,0,0,0,6
802,0,0,0,0,0,0,0,0,0,0,0,0,0,0,0,0,0,0,0,1,4
803,0,0,0,0,0,0,0,0,0,1,0,0,0,0,0,0,0,0,0,0,1
804,0,0,0,0,0,0,0,0,0,0,0,0,0,0,0,0,0,0,0,0,7
805,0,0,0,0,0,0,1,0,0,0,0,0,0,0,0,0,1,1,0,0,5
806,1,0,0,0,1,0,0,0,0,0,0,0,0,0,0,0,0,0,0,0,4
807,1,0,0,0,0,0,0,0,0,0,0,0,1,0,0,0,0,0,0,0,6
808,0,0,0,0,0,0,0,0,0,0,0,0,1,0,0,0,0,0,0,0,9
809,0,0,0,0,0,1,0,0,0,0,0,0,0,0,0,0,0,0,0,0,1
810,0,1,0,0,0,0,0,0,0,0,0,1,1,0,0,0,0,0,0,0,5
811,0,0,1,0,1,0,0,0,0,0,0,0,0,0,0,0,0,0,0,0,6
812,0,0,0,0,0,0,0,0,0,0,0,0,0,0,0,1,0,0,0,0,7
813,1,0,0,0,0,0,0,0,1,0,0,0,1,0,0,0,0,0,0,0,4
814,0,0,0,0,0,0,0,0,0,0,0,0,0,0,0,0,0,0,0,0,5
815,0,0,0,0,0,0,0,0,0,0,0,0,0,0,0,0,0,0,0,0,1
816,0,0,0,0,0,0,0,0,0,0,0,0,0,0,1,0,0,0,0,0,2
817,1,0,0,1,0,0,0,0,0,1,0,0,0,0,1,0,0,0,0,0,4
818,0,0,0,0,0,0,0,0,0,0,0,0,0,0,0,1,0,0,0,0,6
819,0,0,0,0,0,0,0,0,0,0,0,0,0,0,0,0,0,0,0,0,8
820,0,0,0,0,0,0,1,0,0,1,1,0,1,1,0,0,0,0,0,0,3
821,0,1,0,0,0,1,0,0,0,0,0,0,0,0,0,0,0,0,0,0,6
822,0,1,0,0,1,0,0,0,0,0,0,0,0,0,0,1,0,0,0,0,3
823,0,0,0,0,0,0,0,1,0,0,1,0,0,0,0,1,0,0,0,0,6
824,0,0,0,0,1,0,0,0,0,0,0,1,0,0,0,0,1,0,0,0,2
825,0,0,1,0,0,0,0,0,0,0,1,0,0,0,0,1,0,0,0,0,6
826,0,0,0,0,0,0,0,0,0,0,0,0,0,0,0,0,1,0,0,0,1
827,0,0,0,0,0,0,0,0,0,0,0,0,0,0,0,0,0,0,0,0,6
828,0,0,1,0,0,0,0,0,0,0,0,0,0,0,0,0,0,0,1,0,2
829,0,1,0,0,1,1,0,0,1,0,1,0,0,0,0,0,0,0,0,0,8
830,1,0,0,0,0,0,1,0,0,0,1,0,0,0,0,0,0,0,0,0,4
831,0,0,0,0,0,0,0,0,0,0,0,0,0,0,1,0,0,0,1,0,4
832,0,0,0,0,0,0,0,0,0,0,0,0,0,1,0,0,0,0,0,0,7
833,0,0,0,0,0,0,0,1,0,1,0,0,0,0,1,0,0,0,0,0,4
834,0,1,0,0,1,0,0,0,0,0,0,0,0,0,0,0,0,0,0,0,3
835,0,0,0,0,0,0,0,0,0,0,0,0,0,0,0,0,0,0,0,0,4
836,1,0,0,0,0,0,0,0,0,0,0,1,0,0,1,0,0,0,0,0,8
837,0,0,0,0,0,0,0,1,1,0,0,0,1,0,0,0,1,0,0,0,1
838,1,0,1,1,1,0,0,0,0,0,0,0,0,0,0,0,0,0,0,0,3
839,0,0,0,0,0,0,0,0,0,0,0,0,0,0,0,0,0,0,0,0,7
840,0,0,0,0,0,0,0,0,0,0,0,0,0,0,0,0,0,0,0,0,9
841,0,0,1,1,0,0,0,0,0,0,0,0,0,0,0,0,0,0,0,1,10
842,0,0,0,0,0,0,0,0,0,1,0,0,0,0,0,0,0,0,0,0,3
843,0,0,0,0,0,0,0,0,0,0,0,0,0,0,1,0,0,1,0,0,3
844,0,0,0,0,0,0,0,0,0,0,0,0,0,0,0,0,0,0,0,0,3
845,0,0,0,0,0,1,1,0,0,0,0,0,0,0,0,0,0,0,0,0,4
846,1,0,0,0,0,0,0,0,0,0,0,0,0,0,0,0,0,0,0,0,9
847,0,0,0,0,0,1,0,0,0,0,0,0,0,0,0,0,0,0,1,0,9
848,0,0,0,0,0,0,0,0,0,0,0,1,0,0,0,0,0,0,0,0,6
849,0,0,0,1,0,1,0,0,0,0,0,0,1,0,0,1,0,0,0,0,5
850,0,0,0,0,1,0,0,0,0,0,0,0,0,0,0,0,0,0,0,0,6
851,0,0,0,0,0,0,0,0,0,0,0,0,0,0,0,0,0,0,0,0,8
852,0,0,0,0,0,0,0,0,0,0,0,1,0,0,0,0,0,0,0,0,4
853,0,0,0,0,0,0,0,0,0,0,0,0,0,0,0,0,0,1,0,0,3
854,0,0,0,0,0,0,0,0,1,0,0,0,0,0,1,1,0,0,0,0,1
855,0,0,0,0,0,0,0,0,1,0,0,0,0,0,0,1,0,0,0,0,3
856,0,0,0,0,0,0,0,0,0,0,0,0,0,0,0,0,1,0,0,0,1
857,0,0,0,0,0,0,0,0,0,0,0,0,0,0,0,0,0,0,1,0,1
858,0,0,0,0,0,0,0,0,0,0,0,0,0,0,0,0,0,0,0,0,3
859,0,0,1,0,0,0,0,0,0,0,0,0,0,0,0,0,0,0,0,0,2
860,0,0,1,0,0,0,0,0,1,0,0,0,1,0,0,0,0,1,0,0,5
861,0,0,0,0,0,0,0,0,0,0,0,1,0,0,0,0,0,0,0,0,10
862,0,0,0,0,0,0,0,0,0,0,0,1,0,0,0,0,0,0,0,0,9
863,0,0,0,0,0,0,0,0,0,0,0,0,0,0,0,0,0,0,0,0,6
864,0,0,0,1,0,0,0,1,0,0,0,0,1,0,0,0,0,0,0,0,8
865,0,0,0,0,0,0,0,0,0,0,0,1,0,0,0,0,0,0,0,0,7
866,0,0,0,0,0,0,0,0,0,1,0,0,0,0,0,0,0,0,0,1,5
867,0,0,0,0,0,0,0,0,0,0,0,1,0,0,0,0,0,0,0,0,4
868,0,1,0,0,0,0,0,0,0,0,0,1,0,0,0,0,0,0,0,0,6
869,1,0,0,0,0,0,0,0,0,0,0,0,0,0,1,0,0,0,0,0,7
870,0,0,1,0,0,0,0,0,0,0,0,0,1,1,0,0,0,1,1,0,2
871,1,0,0,0,0,1,0,1,0,0,0,0,0,0,0,0,0,1,0,0,9
872,1,0,0,0,0,0,0,0,0,0,0,0,1,1,1,0,0,0,0,0,1
873,0,0,0,0,0,0,0,0,0,0,0,0,0,0,0,0,0,0,0,0,8
874,0,1,0,1,0,0,0,0,0,1,0,0,0,1,0,0,0,0,0,0,6
875,0,0,0,0,0,0,0,0,0,0,0,0,0,0,0,0,0,0,0,0,9
876,0,0,0,0,0,0,0,0,0,0,0,0,0,0,0,1,0,0,1,0,11
877,0,0,0,0,0,0,0,0,0,0,0,0,0,0,0,0,0,0,0,0,10
878,0,1,0,0,0,0,0,0,0,0,0,0,1,0,0,0,0,0,0,0,6
879,0,0,0,0,0,0,0,0,0,0,0,0,0,0,0,0,0,0,0,0,5
880,0,0,0,0,0,0,0,0,0,1,0,0,0,0,0,0,1,0,1,0,2
881,1,0,0,0,0,0,0,0,0,0,0,0,0,0,1,0,0,0,0,0,2
882,0,0,0,0,0,0,0,0,0,0,0,0,0,0,0,1,0,0,0,0,1
883,0,0,0,0,0,0,0,0,0,0,0,0,0,0,0,0,0,0,0,0,7
884,0,0,0,0,0,0,0,0,0,0,0,0,0,0,0,0,0,0,0,0,6
885,0,0,0,0,0,0,0,0,0,0,0,0,1,0,1,0,0,0,0,0,7
886,0,0,1,0,0,1,0,0,0,0,0,0,0,0,1,0,0,0,0,0,7
887,0,1,0,0,0,0,0,0,0,0,0,0,0,0,0,0,0,0,0,0,9
888,0,0,0,0,1,0,0,0,0,0,0,0,0,0,1,0,0,0,0,0,5
889,0,0,0,0,0,0,0,0,0,0,0,0,0,0,0,0,0,0,0,0,8
890,0,0,0,0,0,0,0,0,0,0,0,0,0,0,0,0,0,0,0,0,8
891,0,0,0,1,0,0,0,0,0,0,0,0,0,1,0,0,0,0,0,0,9
892,0,0,0,0,0,0,0,0,0,0,0,0,0,0,0,0,0,1,0,0,10
893,0,0,0,0,0,0,0,0,0,0,1,0,0,0,0,0,0,0,0,0,6
894,0,0,0,1,0,0,0,0,0,0,0,0,0,0,0,0,0,0,0,0,5
895,0,0,0,0,0,0,0,0,0,0,0,0,0,0,0,0,0,0,1,0,7
896,0,0,0,0,0,0,0,0,0,0,0,0,0,0,0,0,0,0,0,0,3
897,0,0,0,0,0,1,0,0,0,0,1,0,0,0,0,0,0,1,0,0,8
898,0,0,1,0,1,0,0,1,0,0,1,0,0,0,0,0,0,0,0,1,1
899,0,0,1,0,0,0,0,0,0,0,0,1,0,0,0,1,0,0,0,0,11
900,0,0,0,1,0,0,0,0,0,0,0,0,1,0,0,0,0,0,0,0,7
901,0,0,0,1,0,0,0,0,0,0,0,0,0,0,0,0,1,0,0,0,7
902,0,1,0,0,0,0,0,0,0,1,0,0,0,0,0,0,0,0,1,0,12
903,0,0,0,1,0,0,0,0,0,0,0,0,1,0,0,0,1,0,0,0,7
904,0,0,0,0,0,0,0,0,0,0,0,0,0,0,1,1,0,0,0,0,5
905,0,0,0,0,0,1,0,0,0,0,0,0,1,0,0,0,0,0,0,1,6
906,0,0,0,0,0,0,0,0,0,1,0,0,0,0,0,0,0,0,0,0,5
907,0,1,0,0,0,0,0,0,0,1,1,0,0,0,0,0,0,0,0,0,9
908,0,0,0,1,0,0,0,0,0,0,0,0,1,0,1,0,0,0,0,0,10
909,0,0,0,0,0,0,0,0,0,0,0,0,0,0,0,1,0,0,0,0,6
910,0,0,0,0,0,0,0,0,0,1,0,0,0,0,1,0,1,1,0,0,6
911,0,0,0,0,0,0,0,0,0,0,0,0,0,0,0,0,0,0,0,0,9
912,0,1,0,0,0,0,0,0,0,0,0,0,0,0,0,0,0,0,0,0,7
913,0,0,0,0,0,0,0,0,0,0,0,0,0,1,0,0,0,0,0,0,11
914,0,0,1,0,0,0,0,0,0,0,0,0,0,0,0,0,0,0,0,0,8
915,0,1,0,0,0,1,0,0,0,0,0,0,0,0,0,0,0,1,1,0,2
916,0,0,0,0,0,0,0,0,0,0,1,0,0,0,0,0,0,0,0,0,8
917,0,0,0,0,0,0,0,0,1,0,0,0,0,0,0,0,0,0,0,1,4
918,0,0,0,0,0,0,0,0,0,0,0,0,0,0,0,0,0,0,0,0,4
919,0,0,0,0,0,0,0,0,0,0,0,0,1,0,0,0,0,0,0,0,1
920,0,0,0,0,0,0,0,0,0,0,0,0,0,1,0,0,0,0,0,0,6
921,0,0,0,0,0,0,0,0,0,0,1,0,0,0,0,0,0,0,0,0,6
922,0,0,0,0,0,0,0,0,0,0,0,1,0,1,1,1,0,0,0,1,3
923,0,0,0,0,0,1,0,0,0,0,0,0,0,0,0,0,1,0,0,0,7
924,0,0,0,0,0,0,1,0,0,0,1,0,0,0,0,0,0,0,0,0,9
925,0,0,1,0,0,0,0,0,0,0,0,0,0,0,0,0,0,1,0,0,1
926,0,0,0,0,0,0,0,0,0,0,0,0,0,0,0,0,0,0,0,0,7
927,1,0,0,0,0,0,0,0,0,0,0,0,0,1,0,0,0,0,0,0,4
928,0,0,0,0,1,0,0,0,1,0,1,0,0,0,0,0,0,0,1,0,8
929,0,0,0,1,0,1,0,0,0,0,0,1,0,0,0,1,0,0,0,0,4
930,0,0,0,0,0,0,0,0,0,1,0,1,0,0,0,1,1,0,0,0,9
931,0,0,0,0,0,0,1,0,0,0,0,0,0,0,1,0,0,0,0,0,11
932,0,0,0,0,0,0,0,0,1,0,0,1,0,0,0,0,0,1,1,0,3
933,0,0,0,0,0,0,0,0,0,0,0,0,0,0,1,0,0,0,1,0,7
934,0,0,0,0,0,0,0,0,0,0,0,0,0,0,1,0,0,0,0,0,6
935,0,0,1,0,0,0,0,0,1,0,1,0,0,0,0,1,0,0,0,0,5
936,0,0,0,0,1,0,0,0,0,0,0,0,0,0,0,0,0,0,0,0,5
937,0,0,0,0,0,0,0,0,0,0,0,0,0,0,0,0,0,0,0,0,3
938,1,0,0,0,0,0,0,0,1,0,0,0,0,0,0,0,0,0,0,0,3
939,0,0,0,0,1,0,1,0,0,0,0,0,1,0,0,0,0,1,1,0,7
940,0,1,0,0,0,0,0,0,0,0,0,0,0,0,0,0,0,0,0,0,7
941,0,1,0,0,0,0,0,0,0,0,0,0,0,0,0,0,0,0,0,0,3
942,0,0,0,0,0,0,0,0,0,0,0,0,0,0,0,0,1,0,0,0,3
943,1,0,0,0,0,0,0,0,0,0,0,0,0,1,0,0,0,0,0,0,6
944,0,0,1,0,0,0,0,0,0,0,0,0,0,0,0,0,0,0,1,0,6
945,0,0,0,0,0,1,0,0,0,0,0,0,0,0,0,0,0,0,0,0,4
946,0,0,0,0,0,0,0,0,0,0,0,1,0,0,0,0,0,0,0,0,7
947,0,1,1,1,0,0,1,0,0,0,0,0,1,0,1,0,0,0,0,0,4
948,0,0,0,0,0,0,0,0,1,0,0,0,0,0,0,0,0,0,0,0,1
949,1,0,0,0,0,0,0,0,0,0,0,0,0,0,1,0,0,0,0,0,2
950,0,0,0,0,0,0,1,0,0,0,0,0,0,0,0,0,0,0,0,0,4
951,0,0,0,0,0,0,0,0,0,0,0,0,0,0,0,0,0,0,0,0,7
952,0,0,0,1,0,0,0,0,1,0,0,1,0,1,0,1,1,0,0,0,5
953,0,0,0,0,1,0,0,0,0,0,0,0,0,0,0,0,0,0,0,0,2
954,0,0,0,0,0,0,0,0,0,0,1,0,0,0,0,1,0,0,0,0,1
955,0,0,0,0,0,1,0,0,0,0,0,0,0,0,0,0,0,0,0,0,1
956,0,0,0,0,0,0,0,0,0,0,0,0,0,0,0,0,0,0,0,0,2
957,0,0,1,0,0,0,0,0,0,0,0,0,0,0,0,0,0,0,0,0,3
958,0,0,0,0,0,0,0,0,0,0,0,0,0,0,0,0,0,0,0,0,2
959,0,0,0,0,0,0,0,0,0,0,0,0,0,0,0,1,0,0,0,0,4
960,0,0,0,0,0,0,0,0,0,0,0,0,0,0,0,0,0,0,1,0,2
961,0,0,0,0,0,0,0,0,0,0,1,0,0,0,0,0,0,0,0,0,2
962,0,0,0,0,1,0,0,0,0,0,0,0,0,0,0,0,0,0,0,0,3
963,1,0,0,0,0,0,0,0,0,0,0,0,0,0,0,0,0,0,0,1,3
964,0,0,0,1,0,0,0,0,0,0,0,0,0,0,0,0,0,0,0,0,2
965,0,0,0,0,0,0,0,0,0,0,0,0,0,0,0,0,0,0,0,0,3
966,0,0,0,0,0,0,0,0,0,0,0,0,1,1,0,0,0,0,0,1,2
967,0,0,0,0,0,1,0,0,0,0,0,0,0,0,0,0,0,0,1,1,3
968,0,0,0,0,1,0,0,0,0,0,0,0,0,0,0,0,0,0,0,1,3
969,0,0,0,0,0,0,0,0,0,0,0,1,0,0,0,0,0,0,0,0,1
970,0,0,0,0,0,0,1,1,0,0,0,0,0,0,0,0,0,0,0,0,2
971,0,0,0,0,0,1,0,0,0,0,0,0,0,0,1,0,0,0,1,0,3
972,0,0,1,0,0,0,1,0,0,0,0,0,0,0,0,0,1,0,0,0,3
973,0,0,1,0,0,0,0,0,0,0,0,0,0,0,0,1,0,1,0,0,3
974,0,0,0,0,1,0,0,0,0,0,0,1,0,0,0,0,0,1,0,0,2
975,0,0,0,0,1,0,1,0,0,0,0,1,0,0,0,0,0,1,0,1,2
976,0,0,0,0,0,0,0,1,0,0,0,0,0,0,0,0,0,0,0,0,2
977,0,1,1,0,0,0,0,0,0,0,0,0,0,1,1,0,0,0,0,0,3
978,0,0,0,0,0,0,0,0,0,0,0,0,0,0,0,1,0,0,0,1,2
979,0,0,0,0,0,0,0,0,0,0,0,0,0,0,0,0,1,0,0,0,2
980,0,0,0,0,0,0,0,0,0,0,1,0,0,0,0,0,0,0,0,0,2
981,0,0,0,0,0,0,0,0,0,0,0,0,0,0,0,0,0,0,0,0,2
982,0,0,0,0,0,0,0,0,0,0,0,0,0,0,0,0,0,0,1,0,2
983,0,0,0,0,0,0,0,0,0,0,0,0,0,0,1,0,0,0,0,0,2
984,0,0,0,0,0,1,0,0,0,0,0,0,0,0,0,0,1,0,0,0,3
985,0,0,1,0,0,1,0,0,0,0,0,0,0,0,0,0,0,1,0,0,9
986,0,0,0,0,0,0,0,0,0,0,0,0,0,0,0,1,0,0,0,0,7
987,0,0,0,0,0,0,1,0,0,0,0,0,0,0,0,0,0,0,0,0,5
988,1,0,0,0,1,0,0,0,0,0,0,0,0,0,0,0,0,0,0,0,2
989,0,0,0,0,0,0,0,0,1,0,0,0,0,0,0,0,0,0,0,0,4
990,1,0,0,0,0,0,0,0,0,0,0,0,0,0,0,0,0,0,0,0,7
991,0,1,0,0,0,0,0,0,0,0,0,1,0,0,0,0,0,1,0,0,5
992,0,0,0,1,0,0,0,0,0,0,0,0,0,0,0,0,0,0,0,0,11
993,0,0,0,0,0,0,0,0,0,0,0,1,1,0,0,0,1,0,0,0,6
994,1,0,0,0,0,0,0,0,0,0,0,0,0,0,1,0,0,0,0,0,3
995,0,0,1,0,1,0,0,0,0,0,0,0,1,0,0,0,0,1,0,0,6
996,0,0,0,0,0,0,0,0,0,1,0,0,0,0,0,0,0,0,1,0,7
997,0,0,0,0,0,1,0,0,0,0,0,0,0,0,0,0,0,0,0,0,6
998,0,0,0,0,0,0,0,1,0,0,0,0,0,0,0,1,0,0,0,0,7
999,0,0,0,0,0,0,0,0,1,0,0,0,0,1,0,0,0,0,0,0,1
